Price,Close,High,Low,Open,Volume
Ticker,GOOG,GOOG,GOOG,GOOG,GOOG
Date,,,,,
2020-01-02,68.04620361328125,68.08452005490719,66.76128915563321,66.76128915563321,28132000
2020-01-03,67.7122802734375,68.3014923595591,66.96004487038897,67.07529792848747,23728000
2020-01-06,69.38188171386719,69.49583630215592,67.18179957634237,67.18179957634237,34646000
2020-01-07,69.33857727050781,69.81880085783358,69.19127235651817,69.56749635097823,30054000
2020-01-08,69.88500213623047,70.24628990579961,69.21417581732828,69.27588002329139,30560000
2020-01-09,70.65682983398438,71.03006199373336,70.18107880646254,70.69365795847132,30018000
2020-01-10,71.14950561523438,71.40822890881397,70.58318772267843,71.0415118760559,36414000
2020-01-13,71.62226867675781,71.68646352413954,70.96488276211652,71.46800057652041,33046000
2020-01-14,71.20673370361328,71.75015744005867,71.08182939227687,71.61131918676213,31178000
2020-01-15,71.62076568603516,71.72999714903875,71.17338368354764,71.17338368354764,25654000
2020-01-16,72.24282836914062,72.25726347773951,71.70636779455128,72.03083501729223,23474000
2020-01-17,73.67056274414062,73.71559936874215,72.56729073297409,72.80068235222082,47924000
2020-01-21,73.8701171875,74.24085873765915,73.21322488000433,73.60736178318743,40734000
2020-01-22,73.94725799560547,74.80638616130801,73.89649592184156,74.19857012623973,32216000
2020-01-23,73.98208618164062,74.42349979351208,73.75566532050314,74.03135994138042,27024000
2020-01-24,72.98978424072266,74.4222464701563,72.9171227279688,74.32744252128684,35692000
2020-01-27,71.35701751708984,71.56453831893283,70.7250088867633,71.21270441236497,35104000
2020-01-28,72.28561401367188,72.45680784544032,71.28584811088646,71.80987056953984,31548000
2020-01-29,72.58769226074219,72.92608580028646,71.99598954595203,72.59615133988797,21554000
2020-01-30,72.4488525390625,72.52051172814387,71.48143450289146,71.65859679392226,26788000
2020-01-31,71.37344360351562,73.15997988949793,71.08978349020452,73.09876926273381,48344000
2020-02-03,73.9467544555664,74.14880041149051,72.60561063831744,72.75539861661565,60736000
2020-02-04,72.01242065429688,73.12863193780154,70.9788182849418,72.51006361759383,78660000
2020-02-05,72.07014465332031,72.84696761397448,71.19081040286896,72.77630316487429,39724000
2020-02-06,73.46353912353516,73.75067701435458,72.1368229563463,72.17464582179748,33588000
2020-02-07,73.61284637451172,73.94178614458417,72.97187740173798,73.01915409345457,23446000
2020-02-10,75.0783920288086,75.11919911374271,73.36849619841237,73.36849619841237,28398000
2020-02-11,75.08386993408203,76.12095766481228,74.92701247452665,75.23415907769049,26892000
2020-02-12,75.55563354492188,75.67631590798648,75.05003268527967,75.3670279617218,23352000
2020-02-13,75.37599182128906,75.9990402732199,74.8753646334748,75.27795305804572,18590000
2020-02-14,75.67855834960938,75.67855834960938,75.01171100956715,75.4227661008174,23956000
2020-02-18,75.62529754638672,76.22047804003175,75.27297007257756,75.39290067714538,22414000
2020-02-19,75.97465515136719,76.2441763149109,75.71139856662336,75.89403571728414,18986000
2020-02-20,75.54966735839844,76.12146015343936,74.98584007034944,75.74125716479779,21932000
2020-02-21,73.90544891357422,75.25430756546942,73.67305203772625,75.04604260504198,34634000
2020-02-24,70.74441528320312,71.50979486204967,70.23682499273656,70.96934780847315,57342000
2020-02-25,69.0952377319336,71.56802269658145,68.79416586579799,71.31223804095893,49566000
2020-02-26,69.33061981201172,70.45131882585119,68.6249624458566,69.4779247431001,44048000
2020-02-27,65.59381866455078,68.26187602826585,65.5480302915154,67.78194857537117,59566000
2020-02-28,66.65081024169922,66.7408834910293,63.250415991203695,63.57388465682393,75782000
2020-03-02,69.12808227539062,69.215672482577,66.02801919562621,67.26192108612972,48630000
2020-03-03,66.75332641601562,70.17511501279238,66.28603443608321,69.64114513956,48046000
2020-03-04,68.99918365478516,69.07732003369244,66.83892159728137,67.64112175406288,38266000
2020-03-05,65.64109802246094,67.62520018735992,64.94737756572731,67.19175209183169,51226000
2020-03-06,64.61445617675781,65.0031106203281,62.75526219438357,63.551987477831716,53212000
2020-03-09,60.49148178100586,62.44224108778291,59.71714953025836,59.98089966654274,67308000
2020-03-10,63.71770095825195,63.755523823884545,60.6512240867388,62.703006340955795,52228000
2020-03-11,60.4840202331543,62.750783957248736,59.52157973704793,62.190438284986186,52170000
2020-03-12,55.482704162597656,59.412094420022555,55.402585902001995,56.03459072510004,84534000
2020-03-13,60.69900131225586,60.700493420966005,55.59383298985285,58.672102616166846,74002000
2020-03-16,53.96091842651367,57.34175598785899,53.46875032867121,54.541667669853034,85048000
2020-03-17,55.72605514526367,56.27644580827855,52.55158829559161,54.39784304976598,77230000
2020-03-18,54.58147430419922,55.064188532459035,51.61950198432473,52.576471361871874,84668000
2020-03-19,55.50162124633789,57.62556027175729,52.75552980752347,54.39486379137895,73022000
2020-03-20,53.363250732421875,56.929857717031815,53.02336126073511,56.518305259955,72036000
2020-03-23,52.58195114135742,53.31348689204805,50.43790473543113,52.81584393747912,80882000
2020-03-24,56.45560073852539,56.482473882609035,54.273932745682316,54.92833442896245,66890000
2020-03-25,54.8646354675293,57.174195720333074,54.04451861574049,56.057984515488805,81630000
2020-03-26,57.81367111206055,58.22273291749569,54.41874781625705,55.32794321527644,71434000
2020-03-27,55.27370071411133,57.26228307317733,55.03483421977747,56.01817567477128,64170000
2020-03-30,57.07068634033203,57.310053987846615,54.5655535212399,55.98681933569691,51482000
2020-03-31,57.866416931152344,58.48847059654039,56.6387341862922,57.09457529453084,49728000
2020-04-01,55.0203971862793,56.21822639006784,54.61382603119818,55.83553656818428,46884000
2020-04-02,55.77781295776367,56.07739271152656,54.561573450503005,54.65413355210601,39298000
2020-04-03,54.635223388671875,55.9121723009795,53.735983002642314,55.68698917729453,46268000
2020-04-06,59.06623840332031,59.45141508398073,56.28043334817538,56.63176991296861,53294000
2020-04-07,59.045833587646484,60.96126079809031,58.83284170846669,60.76220286063122,47746000
2020-04-08,60.228729248046875,60.66615629570455,59.127944075022896,60.040621038171174,39502000
2020-04-09,60.28695297241211,60.98962608727499,59.55467307891095,60.91547625567643,43508000
2020-04-13,60.59101104736328,60.737818597464376,59.099976815251914,60.17398754701405,34796000
2020-04-14,63.16233825683594,63.80131393932277,61.55495355663932,61.96103117014627,49408000
2020-04-15,62.825927734375,63.72118915650483,61.7276294245941,61.9868994469199,33434000
2020-04-16,62.87569046020508,63.6485306183077,61.83810542123735,63.40468664908985,50362000
2020-04-17,63.860023498535156,64.41638637647354,63.261858799321054,63.93964818480168,38980000
2020-04-20,63.03195571899414,63.777922780088076,62.771189778502105,63.25041866730537,33910000
2020-04-21,60.53030014038086,62.417859367485285,60.20036188278244,62.05607047476192,43060000
2020-04-22,62.86275100708008,63.977618159046905,61.807249278039805,61.98341681601576,41848000
2020-04-23,63.51466751098633,64.36065903127212,62.98517770558535,63.277790492780625,31324000
2020-04-24,63.66395568847656,63.71819554664152,62.177993912719984,62.76122995162995,32792000
2020-04-27,63.493263244628906,64.50198944713317,63.1508869526308,64.49452510711222,32012000
2020-04-28,61.3927116394043,64.09889176530979,61.31956034847298,64.09292333071467,59026000
2020-04-29,66.75780487060547,67.67894095083167,65.95460992813778,66.75681013141886,75872000
2020-04-30,67.11510467529297,67.322124299803,65.81277104508118,65.9317144995185,53378000
2020-05-01,65.71923065185547,67.28481349351779,65.24099648605589,66.11187168464627,41450000
2020-05-04,66.02726745605469,66.07007161712828,64.64382056834887,65.10314710788082,30080000
2020-05-05,67.23703002929688,68.37315120561578,66.55775229084932,66.58064647772801,33030000
2020-05-06,67.04742431640625,68.23281156130867,67.04693074359453,67.76353771878418,24308000
2020-05-07,68.30448150634766,68.55529246851148,67.44405487163053,67.97504058616973,27952000
2020-05-08,69.09124755859375,69.60829924163137,68.44978515513539,68.83048165588572,27738000
2020-05-11,69.83224487304688,70.49261498589307,68.53299405033212,68.58913226807552,28242000
2020-05-12,68.46273040771484,70.41647398250896,68.41445898317728,70.02433415146153,27812000
2020-05-13,67.14845275878906,68.94753339769312,66.10688495282199,68.52792053922323,36252000
2020-05-14,67.48686218261719,67.55105703496788,65.88345640572847,66.43633400209168,32062000
2020-05-15,68.33582305908203,68.4000178974292,66.63437888605482,67.18178909382002,34154000
2020-05-18,68.87078857421875,69.28806262257098,67.39328975284405,67.76652191954605,36448000
2020-05-19,68.35050964355469,69.27189628330244,68.35050964355469,69.02293053616704,25612000
2020-05-20,70.00442504882812,70.18855809713762,69.03551875585958,69.15146281601207,33108000
2020-05-21,69.8093490600586,70.44085653603642,69.34405413914214,70.06812550776915,27700000
2020-05-22,70.18855285644531,70.30499807418597,69.26343034142864,69.50628335439127,26188000
2020-05-26,70.5169906616211,71.71034341341047,70.27364407837518,71.52472206890252,41212000
2020-05-27,70.55780029296875,70.75188072314815,69.23655898108824,70.5284440997267,33716000
2020-05-28,70.5025634765625,71.70237824105753,69.47095073380277,69.5137472935292,33844000
2020-05-29,71.10919189453125,71.2908342955501,70.33436605290413,70.51301664312906,36418000
2020-06-01,71.2535171508789,71.55906913624506,70.56577270229424,70.5851815065537,24342000
2020-06-02,71.62176513671875,71.64117394018096,70.60707046181705,71.1903065245423,25562000
2020-06-03,71.48043823242188,71.9866389762385,71.1518477881398,71.57598634695985,25124000
2020-06-04,70.27613830566406,71.60882293355489,69.90539676398639,71.1828392012393,29686000
2020-06-05,71.58045959472656,71.91188994954477,69.96859502562408,70.32540261704051,34698000
2020-06-08,71.9895248413086,72.05819981168356,70.78174442468311,70.78174442468311,28084000
2020-06-09,72.46477508544922,73.05398719837653,71.82032837094407,71.92731978367873,28184000
2020-06-10,72.94699096679688,73.36545721057932,72.47024516031088,72.63297233017892,30504000
2020-06-11,69.8611068725586,72.3809177948028,69.76953771771835,71.78399837677544,39826000
2020-06-12,70.32591247558594,71.51130002526801,68.97431993389557,71.08780685050122,38928000
2020-06-15,70.65782928466797,70.90416009663141,69.06885886579549,69.21217723031454,30078000
2020-06-16,71.79594421386719,72.40804290727266,70.95890538232888,71.92035494955124,34184000
2020-06-17,72.2139663696289,72.65587356967254,71.23161963350883,72.01690169756327,30992000
2020-06-18,71.45952606201172,72.22839102102945,71.01414113592261,72.11641833169693,31638000
2020-06-19,71.24853515625,72.04874587229958,70.73247814012348,71.85963912093314,63158000
2020-06-22,72.25078582763672,72.2950707008459,70.82503615708987,71.11316878979261,30848000
2020-06-23,72.87532043457031,73.4491557865647,71.92134289134205,72.43888816176526,28596000
2020-06-24,71.260986328125,73.42324572687554,71.15050952361156,72.73102110825913,35120000
2020-06-25,71.72676849365234,71.80489728191299,70.66529827755959,71.15796752735437,24610000
2020-06-26,67.67446899414062,71.33463084581729,67.28083322978155,71.23211955472665,85354000
2020-06-29,69.41968536376953,69.45103862666302,67.03299510945786,67.58885679596601,36204000
2020-06-30,70.34729766845703,70.59811620232468,68.87178822006135,69.19426593785043,40848000
2020-07-01,71.56304168701172,71.80987366462605,70.1586902923175,70.222391561628,35504000
2020-07-02,72.88976287841797,73.79795973581246,71.98007011556203,72.00594852070236,37182000
2020-07-06,74.43246459960938,74.9743924622308,73.29584213412782,73.65414568930177,31280000
2020-07-07,73.908935546875,75.48247617798066,73.8278149500228,74.14879676688507,29164000
2020-07-08,74.4473876953125,74.93905461247256,73.93133068505574,74.36378404494057,24994000
2020-07-09,75.19335174560547,75.7770889923737,74.05350214610006,74.96742445805577,28466000
2020-07-10,76.72359466552734,76.82760184966378,74.4742542187681,74.9524883179805,37126000
2020-07-13,75.21076965332031,78.48485866771736,74.90735902385688,77.13465592861907,36928000
2020-07-14,75.67059326171875,75.78853440136852,73.82533685411703,74.16423159159893,31700000
2020-07-15,75.3252182006836,76.40460879639178,74.5469070230455,75.7974838583747,32214000
2020-07-16,75.54219818115234,75.5765356647665,73.96516457944448,74.64643938978918,30386000
2020-07-17,75.42027282714844,75.81291383942335,74.56781173870915,75.72234701507503,29134000
2020-07-20,77.91695404052734,78.14437723017019,74.82559328141217,75.40584513572128,31146000
2020-07-21,77.55366516113281,78.97543589662807,77.34764026436851,78.97543589662807,24324000
2020-07-22,78.05479431152344,78.12993887884492,76.94057259710156,77.65717962087517,18640000
2020-07-23,75.4267349243164,78.22299199212512,75.01429029097221,77.97915183331466,32552000
2020-07-24,75.23713684082031,75.52407730522405,74.0691688707946,74.59319135011347,30880000
2020-07-27,76.14932250976562,76.68528187457883,75.40335169511195,75.42276049815611,24920000
2020-07-28,74.66336059570312,75.96419847617724,74.52999720575872,75.89951005626399,34044000
2020-07-29,75.74224853515625,76.20167374783136,74.71262517288547,74.96095306952058,22130000
2020-07-30,76.21153259277344,76.5310185199356,74.25927721174143,74.49714896518256,33428000
2020-07-31,73.79845428466797,75.09182769884032,72.35877069868434,74.89575779296844,68798000
2020-08-03,73.37496185302734,74.17218068492781,72.93653249999396,73.98158563901112,46604000
2020-08-04,72.90319061279297,73.92784022246718,72.58868600305459,73.48045821242431,38070000
2020-08-05,73.33316040039062,73.77108863471867,72.82805310015365,73.11867640630632,39590000
2020-08-06,74.65141296386719,74.76537513840101,72.95445634884203,73.24059951401783,39908000
2020-08-07,74.37224578857422,75.48472110523883,73.73277275818212,74.64644451001553,31556000
2020-08-10,74.45236206054688,74.84923261694799,73.30678701757552,74.00846539956731,25786000
2020-08-11,73.66708374023438,75.14408924462128,73.5516332428913,74.2702298204738,29088000
2020-08-12,74.97588348388672,75.26282397176337,73.91241618560123,73.92884077211751,28740000
2020-08-13,75.5645980834961,76.50016930561524,75.04481266942801,75.16100732270432,29104000
2020-08-14,75.03111267089844,75.73627638646607,74.78975555358495,75.4257431376841,27096000
2020-08-17,75.54120635986328,75.92090817254869,75.0430622450767,75.37648210935163,27566000
2020-08-18,77.56262969970703,77.75521423903169,75.8263542545812,75.94926908535355,40542000
2020-08-19,77.01173400878906,78.31306532114763,76.83357700167863,77.29936546699109,33212000
2020-08-20,78.71466827392578,78.91969842715078,76.54743554173845,76.80869503034475,34138000
2020-08-21,78.64849090576172,79.50941108415545,78.03066675734847,78.4797876978503,28930000
2020-08-24,79.03565216064453,80.32803088400075,78.65595036988027,79.32328363277395,28198000
2020-08-25,80.03192901611328,80.20112577853665,78.73059010785411,78.73059010785411,44942000
2020-08-26,82.22952270507812,82.56990571830403,79.8020176057357,80.02098170178223,79868000
2020-08-27,81.33126831054688,82.35989681390043,80.90428986814142,82.29420607043166,37232000
2020-08-28,81.8328857421875,81.97023565594252,81.15310693971199,81.28946211448526,29980000
2020-08-31,81.32381439208984,82.00981233639484,81.13122985280576,82.00608396289162,36468000
2020-09-01,82.64405822753906,82.89387443053788,81.22627401238617,81.44573168839058,36506000
2020-09-02,86.00663757324219,86.25047775994771,82.92373584050372,83.2942344201542,50224000
2020-09-03,81.70501708984375,85.08271866715282,80.37232470703815,85.08271866715282,62156000
2020-09-04,79.1769790649414,81.86773311044226,77.015866632955,80.83014430764004,52172000
2020-09-08,76.25830841064453,77.82464296122433,76.04033903348108,76.31404417892114,52218000
2020-09-09,77.48101806640625,78.08017757958739,76.44049808754941,77.50938711705253,35494000
2020-09-10,76.23989868164062,78.83067806209534,75.93061830411769,77.66415266469276,32372000
2020-09-11,75.67756652832031,78.38872451769373,74.5150656598822,76.4379649427777,31942000
2020-09-14,75.60588073730469,77.83133965035064,75.42972081576956,76.58748309330483,33932000
2020-09-15,76.70867156982422,77.61089997729319,76.23068801894388,76.43795824635471,26622000
2020-09-16,75.6865005493164,77.73181300209582,75.63275427011857,77.41033765932679,26234000
2020-09-17,74.42398834228516,75.05938364439827,73.15350906862032,74.44738369496045,37596000
2020-09-18,72.65536499023438,74.7958765015126,71.51775552532911,74.54740433977558,62078000
2020-09-21,71.22067260742188,72.07661915513665,69.99597394166337,71.66357456346027,57776000
2020-09-22,72.92758178710938,73.12962013458065,71.38837108513363,72.16270334525447,31664000
2020-09-23,70.42693328857422,72.70364850230717,70.05320746443465,72.59516876718196,33148000
2020-09-24,71.07783508300781,71.84515098566004,70.1601844921744,70.21890447114728,29004000
2020-09-25,71.90741729736328,72.158228252456,70.33386900281023,71.29382268527664,26460000
2020-09-28,72.88079833984375,73.49190226185588,72.1234373955165,73.36301900347084,40158000
2020-09-29,73.12016296386719,73.48508792562936,72.59639108223523,73.17291450802969,19564000
2020-09-30,73.13359832763672,74.13634839065149,72.64988940511122,72.99425134034821,34032000
2020-10-01,74.15327453613281,74.59866707168895,73.61184031973592,73.86364599481182,35590000
2020-10-02,72.5772476196289,73.81041298053609,72.20401537177449,72.75690056868464,25682000
2020-10-05,73.95073699951172,74.05971788504729,72.86836211063729,72.9649049603237,22266000
2020-10-06,72.32942199707031,73.9875688540826,72.08806483592738,73.43120585770755,24908000
2020-10-07,72.6703109741211,73.10176203592066,71.46153573740999,72.86936513089988,34924000
2020-10-08,73.94625854492188,74.14879806732073,72.90917084010178,72.90917084010178,23756000
2020-10-09,75.40384674072266,75.46853515219055,74.12142309250503,74.38268256955213,28706000
2020-10-12,78.08763885498047,79.3173186947343,76.26726619853866,76.78630742224209,49652000
2020-10-13,78.21354675292969,79.1252290012526,77.79154954092009,78.81320741852171,32020000
2020-10-14,78.03439331054688,79.00997424124068,77.16102752270409,78.55741348804423,38586000
2020-10-15,77.58900451660156,78.38399097262977,76.88733370958983,76.99282921872692,30800000
2020-10-16,78.27973175048828,78.68382366086243,77.78159522364571,77.92342528794909,28694000
2020-10-19,76.3687744140625,79.03315637711056,76.03983471314686,78.650470393892,32142000
2020-10-20,77.42975616455078,78.50317079099099,75.9238881995632,75.99256316565373,44834000
2020-10-21,79.28994750976562,80.55495962301136,78.21105793412812,78.2956563263395,51366000
2020-10-22,80.3857650756836,80.71719547938251,78.87641156287316,79.27701051303102,28672000
2020-10-23,81.66321563720703,81.7308882784279,80.64353958764445,80.92022896161276,27516000
2020-10-26,79.14761352539062,81.52585238924827,78.45339955893994,80.86747180944734,37066000
2020-10-27,79.8348617553711,79.9635020269295,78.76592723748256,79.40738970015705,24580000
2020-10-28,75.47351837158203,77.69947104203933,75.37399131080028,77.6193527832228,36680000
2020-10-29,77.99259185791016,79.30985430316014,75.75319862172742,75.75916705666272,40062000
2020-10-30,80.66841888427734,83.9523642285653,79.84482040869474,83.21137466500592,86582000
2020-11-02,80.91822814941406,82.6470391249576,80.42058524166423,81.02422481306886,50708000
2020-11-03,82.12152862548828,82.69332136121564,80.44994931207492,81.2043715890697,33234000
2020-11-04,87.0442123413086,88.15072670787647,84.89937259397972,85.11087235140504,71418000
2020-11-05,87.75285339355469,89.2592147740627,87.112879318187,88.63019801467455,41316000
2020-11-06,87.6722412109375,88.20372043710111,86.60728568699523,87.28408034850992,33218000
2020-11-09,87.73445129394531,90.47447166432956,87.58615163333688,89.1228717467844,45366000
2020-11-10,86.6092758178711,87.73444723587214,85.46021547459128,86.14646395937925,52722000
2020-11-11,87.22237396240234,87.79516147343541,86.95638374970777,87.08751466931788,25280000
2020-11-12,87.07954406738281,87.99670110812173,86.86854547742385,86.96956844646743,24950000
2020-11-13,88.43214416503906,88.63220063739539,86.81630050622695,87.46721680725392,29998000
2020-11-16,88.64911651611328,89.52944546217967,87.96784170469522,88.16739700562442,24936000
2020-11-17,88.09026336669922,88.82926342498031,87.93350462805951,88.42816334299879,22942000
2020-11-18,86.9272689819336,88.25548112637136,86.89542214268634,87.84542079899178,23470000
2020-11-19,87.78022766113281,88.06239186038808,86.44082285727275,86.50924723897003,24998000
2020-11-20,86.6988525390625,88.28185461137062,86.68243554630416,87.84442756010482,46270000
2020-11-23,86.33407592773438,87.28159151084033,85.48112130788739,87.06760869990015,43232000
2020-11-24,88.02706146240234,88.1624219166697,85.97726862574291,86.11710920275331,31560000
2020-11-25,88.15396881103516,88.50779222371551,87.41297923940695,88.22662273867971,20916000
2020-11-27,89.2368392944336,89.77478818273416,88.20423165690146,88.23657966469548,17698000
2020-11-30,87.62198638916016,88.98179482422755,87.33633678753424,88.63936156262612,36476000
2020-12-01,89.48117065429688,90.81137222144169,88.05144202359061,88.30026347920833,34738000
2020-12-02,90.96663665771484,91.34982383230648,89.05185498586513,89.48117223765482,24440000
2020-12-03,90.90791320800781,91.92459729037891,90.70288305707719,90.7705632813372,24546000
2020-12-04,90.9686279296875,91.22590847395794,90.42122526290538,90.79594577228079,27564000
2020-12-07,90.54513549804688,91.18659796833681,89.86336710900723,90.52124657182485,26418000
2020-12-08,90.49884796142578,90.66556167497009,89.38686635307099,90.07833910109068,21926000
2020-12-09,88.78597259521484,91.28115821827822,87.97382497675972,90.17340599748152,30152000
2020-12-10,88.3480453491211,88.64563181424921,86.60579391426714,88.07284431137745,27256000
2020-12-11,88.66852569580078,88.80189667450706,87.5851560605251,87.73743467627183,24414000
2020-12-14,87.58814239501953,89.44584435614684,87.4465629166499,88.3316225938208,32004000
2020-12-15,87.97183227539062,88.15347470247356,87.0850336111675,87.80512612413528,29646000
2020-12-16,87.73445129394531,88.23209423084411,87.39008171338962,88.22611820253388,30270000
2020-12-17,86.9830093383789,88.17158598834594,86.52318924958429,88.00865378381674,32494000
2020-12-18,86.14248657226562,87.34180783898964,85.60553247054565,87.29552589295449,80328000
2020-12-21,86.55851745605469,86.63217371324646,84.54953165100625,85.27161355462863,36568000
2020-12-22,85.76876068115234,86.46072702900238,85.22508639610656,86.31267795590624,18734000
2020-12-23,86.21066284179688,86.98747811331984,85.84538858424963,85.9981683543696,20676000
2020-12-24,86.53264617919922,86.88846667817319,86.04794240638063,86.34105636700494,6936000
2020-12-28,88.3858642578125,89.11431707604635,86.90513044155476,87.16888059988081,27860000
2020-12-29,87.5214614868164,89.19951819929726,87.39058114265147,88.96811604055497,25988000
2020-12-30,86.56598663330078,87.83871367468939,85.87326847927733,87.685189727152,26122000
2020-12-31,87.18106842041016,87.53190758535129,86.3619501293786,86.3619501293786,20238000
2021-01-04,86.00464630126953,87.6175057387542,84.98995161425057,87.46273647549485,38038000
2021-01-05,86.63565063476562,86.97156113133452,85.49580108258175,85.84340545904115,22906000
2021-01-06,86.35548400878906,86.98798623290207,84.54953130442127,84.73017896951501,52042000
2021-01-07,88.94123840332031,88.99846248221432,86.44306869267537,86.59285666776339,45300000
2021-01-08,89.93453216552734,90.06541251027724,88.25872310057352,88.97757025747991,41012000
2021-01-11,87.91957092285156,89.29281969648656,87.61103473386122,88.88250878459216,24194000
2021-01-12,86.91582489013672,88.48290350145211,85.85883483553712,87.28258748469382,27140000
2021-01-13,87.30648040771484,87.83571961523337,86.49083984590594,86.51920889592658,21882000
2021-01-14,86.59883117675781,88.33212237465129,86.26142477057896,87.26766036738287,23590000
2021-01-15,86.4002685546875,87.38610058537833,85.67171706551628,86.49979562090843,26844000
2021-01-19,89.12088775634766,90.03730074368083,86.66253028173904,87.19949202500686,34692000
2021-01-20,93.9002456665039,94.73678331024867,90.84620669235646,91.14131010401572,49806000
2021-01-21,94.1167221069336,96.2869392268234,93.91069719844153,94.45263261397191,41278000
2021-01-22,94.60440063476562,95.09706983552742,93.64444706297873,94.33716512387014,25442000
2021-01-25,94.52230072021484,96.02418218435719,92.9363144408074,95.58078670106354,38546000
2021-01-26,95.41009521484375,95.79626662498417,93.76812256573407,93.99679107770844,26262000
2021-01-27,91.10796356201172,94.05450983954763,90.02359923762432,93.68277356299613,54966000
2021-01-28,92.71635437011719,94.4939304232692,91.69768074891182,91.76236916637149,35462000
2021-01-29,91.35430908203125,92.42622786113331,90.08332856768394,91.87335031227934,32252000
2021-02-01,94.61933898925781,95.6664804081826,92.11022713845067,92.24160104936371,32044000
2021-02-02,95.92118072509766,97.32702055403101,95.27324862584669,95.67484229888585,45474000
2021-02-03,103.01557159423828,105.32612279097039,100.44325213767915,103.16138060781988,82364000
2021-02-04,102.63238525390625,103.43756963573196,101.64804911259645,102.95685245531153,37046000
2021-02-05,104.40548706054688,104.62992602412227,102.48109968493416,103.0120853535046,30702000
2021-02-08,104.15219116210938,105.67682258221122,103.11161804942017,104.79912851785372,24838000
2021-02-09,103.68440246582031,104.76030777060096,103.43707690291839,103.43707690291839,17798000
2021-02-10,104.27510070800781,104.92154445810515,102.66821734832112,104.21688189214544,22710000
2021-02-11,104.30049896240234,104.60605096879071,103.37637100868905,104.48064548193706,18914000
2021-02-12,104.70954895019531,104.94394291146762,103.66549804598466,104.01981502884482,17114000
2021-02-16,105.59485626220703,107.12660268378858,104.72199164213565,104.72199164213565,22676000
2021-02-17,105.9138412475586,106.18008204248753,104.45127095746498,104.50501724536947,21418000
2021-02-18,105.3609619140625,106.13404887059937,104.68964208640794,105.02206719969024,22432000
2021-02-19,104.56175231933594,106.02432267333349,104.37613094815339,105.46398076931739,29148000
2021-02-22,102.7573013305664,104.07804159663219,102.62094612877638,102.86279683752575,27350000
2021-02-23,103.05488586425781,103.60976047987089,99.62911050490709,100.77319722072812,33348000
2021-02-24,104.26465606689453,104.54383606746809,101.42610332048739,101.61022878025749,24966000
2021-02-25,101.08919525146484,104.25022564076362,100.5880669366282,102.88518537036549,36568000
2021-02-26,101.3628921508789,103.06233928163448,100.32779402693644,102.04267100318114,41670000
2021-03-01,103.58486938476562,103.83418441148945,101.82271566604933,102.34125568812824,28090000
2021-03-02,103.3027114868164,104.722485209872,103.07479472674541,103.32013081207387,22692000
2021-03-03,100.85779571533203,103.93362791612087,100.02623174377045,102.87324356378443,29684000
2021-03-04,101.97151184082031,103.9695478696509,100.53730305591652,100.69157874027333,42360000
2021-03-05,104.93001556396484,105.40626026355518,101.8384039735871,103.16736041119839,43904000
2021-03-08,100.73139190673828,105.93872214116189,100.60398936437241,104.56125144186541,32948000
2021-03-09,102.15116119384766,103.41218661367544,101.9088093422012,103.01208129298665,33946000
2021-03-10,102.26712036132812,103.2609103386622,101.18922556803263,103.09967147425944,25372000
2021-03-11,105.24003601074219,105.78396088543049,103.13052842795634,103.21413207540392,24782000
2021-03-12,102.60999298095703,104.02031288006752,101.89488184323093,103.75855220961682,34516000
2021-03-15,102.83741760253906,102.86577905872895,101.69383205364734,102.62890205047091,25962000
2021-03-16,104.13278198242188,105.67746764248324,103.01209060622499,103.4594726507912,29832000
2021-03-17,104.06111907958984,104.99170893257268,102.21585519981917,103.31216403700054,25980000
2021-03-18,101.33104705810547,103.28579300834845,101.19817724449942,102.56421226897582,27228000
2021-03-19,101.67840576171875,102.1710673961283,100.40842004914587,101.62117409188915,46298000
2021-03-22,101.44898986816406,102.41441839606077,100.82594144797802,101.6107298999731,39096000
2021-03-23,102.16410827636719,103.12664370476169,101.48034280235241,102.10140174217489,27340000
2021-03-24,101.77096557617188,103.42065313930686,101.59654451986303,102.78168130446676,23080000
2021-03-25,101.73613739013672,102.45821172860504,100.06256085320678,101.75853041188559,28378000
2021-03-26,101.29769897460938,102.06606278707989,100.22627384933982,101.46242321250244,29870000
2021-03-29,102.31289672851562,102.43631271938274,100.30590046332688,100.91600965044307,24596000
2021-03-30,102.29248809814453,103.05089690308343,101.7197006398293,102.39649528099191,20732000
2021-03-31,102.94390869140625,104.17293541944592,102.35245656883275,102.47064827878084,29198000
2021-04-01,106.38361358642578,106.64189646154423,104.35024531750071,104.40299686490611,33980000
2021-04-05,110.75291442871094,111.33814753416755,107.07384530769953,107.13953605513119,43298000
2021-04-06,110.7131118774414,111.35556907064012,110.21795200755719,110.60113918285458,27060000
2021-04-07,111.95374298095703,112.21848788242524,110.74198358396019,110.78179593211443,25798000
2021-04-08,112.73802947998047,113.66189919730525,112.35185805844243,113.36107791691255,27166000
2021-04-09,113.75521087646484,113.91247079456447,112.15449322725402,112.3030890426713,20888000
2021-04-12,112.20803833007812,113.22969622345185,111.39563255731609,112.7783352153131,31318000
2021-04-13,112.82908630371094,113.32373740194008,112.27271582126875,112.54045250531992,23310000
2021-04-14,112.21051025390625,113.36255480093685,111.92934838935075,113.22172708224383,20220000
2021-04-15,114.29166412353516,114.78617097959365,112.765893718173,113.31230165927303,27472000
2021-04-16,114.34639739990234,114.77834956119845,113.68403784772627,114.60716331659513,22596000
2021-04-19,114.57730865478516,115.37602341536709,113.85298671170973,114.05876102646002,24688000
2021-04-20,114.14087677001953,114.93561257699884,113.05004281705125,114.85051302521912,21774000
2021-04-21,114.12396240234375,114.22498538349961,112.39614594449745,113.72385702801394,23930000
2021-04-22,112.86144256591797,114.64509341436,112.29064452817589,114.12097218303006,21096000
2021-04-23,115.21926879882812,115.74279014143195,113.37351132449037,113.6352719957923,28670000
2021-04-26,115.78856658935547,116.51114963612508,115.14661056462896,115.44967188283977,20834000
2021-04-27,114.81220245361328,116.32154828851826,114.6703723912077,116.24939552842736,31972000
2021-04-28,118.43453979492188,122.04085649592915,118.18273410704185,119.78986809662084,59728000
2021-04-29,120.92176055908203,121.2516950366519,119.54776760064985,119.94837411924946,39554000
2021-04-30,119.93790435791016,120.78489808070572,119.54178560062952,119.65773724391586,39142000
2021-05-03,119.1939468383789,120.41466646530205,118.66296113701131,119.56966969941496,33788000
2021-05-04,117.15760040283203,118.4022014291084,115.04012708729363,117.92844737627668,35120000
2021-05-05,117.281494140625,118.54849561214596,117.01625569167095,117.86274069984734,21806000
2021-05-06,118.50619506835938,118.57387529579434,116.56479081972621,116.97793407275897,20618000
2021-05-07,119.3691177368164,120.25094261864898,118.93666437553813,119.43430732271611,23272000
2021-05-10,116.53105163574219,118.33948733491123,116.18618849566937,118.18471807912111,26006000
2021-05-11,114.89381408691406,115.55268829255223,113.61188387831373,114.05279630960118,32110000
2021-05-12,111.42623138427734,113.72981932788814,110.97685989599276,112.55239753586002,34934000
2021-05-13,112.56534576416016,113.29344168685903,111.60738156412968,112.52154686670876,26670000
2021-05-14,115.26206970214844,115.50989644126798,113.62781193356345,114.05130505693374,26624000
2021-05-17,115.5233383178711,115.61938000789425,114.20906003269576,114.92168815771893,19842000
2021-05-18,114.62857055664062,116.6052084039346,114.61513018773402,116.29447770561409,17302000
2021-05-19,114.89132690429688,115.29192583525193,112.6424798045384,112.68627110855724,19350000
2021-05-20,117.24915313720703,117.46065290702771,115.50740283374294,115.85326832456231,23832000
2021-05-21,116.70223999023438,117.89160628114159,116.56638596190908,117.74181831161809,22832000
2021-05-24,119.7662353515625,120.35395153339917,117.44920694177263,117.79208061389147,21244000
2021-05-25,119.88565826416016,121.07104554806396,119.58309052719493,120.42958311399593,18838000
2021-05-26,121.1029052734375,121.57138946473351,120.05710786741356,120.07303128788081,21856000
2021-05-27,119.55921936035156,121.42487924807034,119.53383452798022,121.27260062755738,38962000
2021-05-28,120.00959014892578,120.83467696312955,119.81699800781652,120.52713549299328,24108000
2021-06-01,120.91778564453125,121.32391259938125,119.67716362653809,120.52912357630446,19166000
2021-06-02,120.49329376220703,121.52440544721397,119.64331572573207,121.19148675212773,17158000
2021-06-03,119.66371154785156,119.91925318785934,118.57984838350394,119.18647217742846,18346000
2021-06-04,122.01010131835938,122.11455652150818,120.31861195460402,120.5549953853995,25948000
2021-06-07,122.72322845458984,122.81828299743745,121.47827819461156,121.9882149117334,23850000
2021-06-08,123.55728149414062,124.13678160583868,122.83022587415444,123.4104777353029,25060000
2021-06-09,123.9827651977539,124.65955991861408,123.78022566977197,124.38585477535649,20126000
2021-06-10,125.48564147949219,125.56825038707979,124.11214215010128,124.11264331637582,31234000
2021-06-11,125.10395050048828,125.7538720389555,124.32563168086739,125.65085958900988,25240000
2021-06-14,125.75636291503906,125.81558406697154,124.45751449640885,125.07708514003316,22550000
2021-06-15,125.43885803222656,126.26395236677907,125.05617202206226,125.92555882436658,22182000
2021-06-16,125.10395050048828,125.92704776750188,123.56468662547144,125.6523479009802,26316000
2021-06-17,125.77527618408203,126.59688517743,124.92330866249557,124.9312741692795,25756000
2021-06-18,124.97554779052734,125.79317775356155,124.01559420479958,125.11289771782184,53306000
2021-06-21,125.85887145996094,126.43787795887967,124.54434271864844,125.14723814290059,26256000
2021-06-22,126.40079498291016,126.67001997309217,125.4323823281962,125.85388592374022,20984000
2021-06-23,125.86534118652344,127.19354569347414,125.65682564605596,125.95342495452863,19694000
2021-06-24,126.68196868896484,126.93427553000681,126.36148804893789,126.45454551235527,18934000
2021-06-25,126.39633178710938,126.903922113512,125.84792678212594,126.35850891938638,33484000
2021-06-28,126.2216567993164,126.73671145233527,125.37994045117867,126.40130212773228,28110000
2021-06-29,125.42442321777344,126.40129494196367,124.8456597336187,126.17486651422242,20950000
2021-06-30,124.7252426147461,125.20696211707579,124.16937328438868,125.06119866609578,24006000
2021-07-01,125.77278137207031,125.86634000489491,124.26118792982844,124.26118792982844,17120000
2021-07-02,128.11219787597656,128.24060275496763,126.17139343947026,126.24156431390884,21160000
2021-07-06,129.15924072265625,129.27221575470168,127.80366183297016,128.8392536376721,21350000
2021-07-07,129.46429443359375,130.02403641573528,129.1482863166987,129.72655626417145,16680000
2021-07-08,128.56805419921875,129.41952059446214,127.43640545592403,127.64542218616579,19780000
2021-07-09,128.96365356445312,129.23736627206145,128.335631503879,128.33663383638205,15106000
2021-07-12,129.94850158691406,130.153539348214,128.98905668595233,129.22144597736863,16944000
2021-07-13,130.37698364257812,131.41954621439987,130.021155574321,130.26450977687122,16618000
2021-07-14,131.4598388671875,132.36903036580276,131.27619940636174,131.2796923832051,17912000
2021-07-15,130.64768981933594,131.9699335610393,129.98235359554883,131.87538018671157,16586000
2021-07-16,131.22398376464844,131.55988671161126,130.2048088452286,131.02044948057232,14856000
2021-07-19,128.64466857910156,130.628269411742,127.9310533989515,130.53720902271095,25710000
2021-07-20,130.48348999023438,131.37908945378572,128.579407138344,129.39115995198918,19084000
2021-07-21,131.9754180908203,131.99209326245386,129.9858483867907,130.17047503665322,14742000
2021-07-22,132.69998168945312,132.8751469039233,131.77584622337676,132.02466769674936,13608000
2021-07-23,137.1663055419922,138.1541346204272,134.06549875057664,134.62235521639224,26378000
2021-07-26,138.98619079589844,139.05436459390137,137.00208876562695,137.59826399717124,23052000
2021-07-27,136.151611328125,139.35096564082897,134.46312143492563,139.35096564082897,42164000
2021-07-28,135.73858642578125,139.01755053099006,135.70724075117377,137.90880359975554,54688000
2021-07-29,135.89682006835938,136.5049473573088,135.4962211714758,135.73767700063465,19284000
2021-07-30,134.58355712890625,135.13131674713978,134.1786754769681,134.87219856464282,23954000
2021-08-02,135.3484344482422,135.37927895617608,134.03464976466563,134.8458102066963,20140000
2021-08-03,135.63755798339844,135.69279258318278,133.5509445459579,135.35887915303195,19064000
2021-08-04,135.3872528076172,135.89434198813237,134.77663481777068,135.6072040685157,16528000
2021-08-05,136.29446411132812,136.3044115038283,134.9607845470818,135.38726191531114,11866000
2021-08-06,136.38998413085938,136.43382858556117,135.4051468608552,135.65248000573692,13560000
2021-08-09,137.3514404296875,137.66943803355684,135.78561470021876,136.30341059801358,12374000
2021-08-10,137.44549560546875,137.89835251146243,136.57960173403993,137.42857744613153,16034000
2021-08-11,137.0404052734375,138.1931939764059,136.70251290708995,137.63111323700684,15204000
2021-08-12,137.7371063232422,137.76547537168213,136.13420952581484,137.06379702849642,14646000
2021-08-13,137.7535400390625,138.02026680742935,137.35442943878456,137.70526102086296,12580000
2021-08-16,138.26113891601562,138.33528115616613,135.52385965244994,137.34945665086298,18040000
2021-08-17,136.65325927734375,138.0645739649402,136.14267712091424,137.5395491068223,21272000
2021-08-18,135.92620849609375,137.64208048949936,135.7779088252058,136.46912349195387,14934000
2021-08-19,136.26806640625,136.80402576810351,134.7179135632273,134.82888392555947,18296000
2021-08-20,137.78439331054688,137.96106202852192,135.82367883423908,136.43677228774663,15564000
2021-08-23,140.43434143066406,141.50676135014,138.09387968442942,138.34324787925766,21090000
2021-08-24,141.72720336914062,142.3333411682674,140.6871315317685,140.87623826344637,15126000
2021-08-25,142.27610778808594,142.63740310872157,141.76801631069267,142.20942230036374,12838000
2021-08-26,141.45301818847656,142.46004352320674,141.42167251457283,141.94618101244757,14922000
2021-08-27,143.86907958984375,144.32740376085707,141.35050633702966,141.44256906689753,24562000
2021-08-30,144.78372192382812,145.79891766795097,143.918329324499,144.0223289124499,16916000
2021-08-31,144.7762908935547,145.4232206883038,144.3164631944746,145.19679981619913,26756000
2021-09-01,145.1544952392578,146.12838294914388,144.92807435777743,144.96339899191275,15824000
2021-09-02,143.5391387939453,145.6352138019865,143.42718127389895,145.26148040388273,21844000
2021-09-03,144.09251403808594,144.69168114755996,142.82851184505822,143.46648137677406,19104000
2021-09-07,144.83302307128906,145.1365932035526,143.8596365058131,144.0671497524612,15170000
2021-09-08,144.20050048828125,144.8648495587593,143.52022040454614,144.70809081820667,15486000
2021-09-09,144.23036193847656,144.98279480234575,143.75313012266818,144.20050457627318,14798000
2021-09-10,141.25198364257812,145.33065747902066,141.07332543933606,144.75786992432174,32896000
2021-09-13,142.7886962890625,143.51127182900308,141.6117755037741,142.52594845038342,20176000
2021-09-14,142.72998046875,144.045238316429,142.2318363354815,143.48141102178167,18916000
2021-09-15,144.521484375,144.8952177700859,141.58539387943526,143.0813146055662,20648000
2021-09-16,143.69290161132812,144.51549768544044,142.74026048630427,144.43687533012465,20292000
2021-09-17,140.796630859375,143.5694929400111,140.39651790046625,143.12061498030312,60040000
2021-09-20,138.36166381835938,138.70553984892493,136.40691773691327,138.34494308746451,34918000
2021-09-21,138.98818969726562,140.14779737675642,138.25068553084213,139.4564764435213,18130000
2021-09-22,140.27410888671875,140.91605735778592,138.81427219920204,139.39029452139525,22068000
2021-09-23,141.15792846679688,141.58186961257056,140.43135879829953,140.94194096992447,17272000
2021-09-24,141.96060180664062,142.229834403859,140.18650356984818,140.28155810651276,14950000
2021-09-27,140.83395385742188,141.82823740134427,139.83766564834295,140.91804348599524,18844000
2021-09-28,135.54200744628906,138.94837371302992,135.0602803702202,138.43281032152973,42190000
2021-09-29,133.88685607910156,136.7507938020376,133.6171374771324,136.46335213652688,26338000
2021-09-30,132.6372528076172,134.95078791652043,132.37300153154087,133.69175208085628,35294000
2021-10-01,135.81919860839844,136.42483531421783,132.74875005379187,132.9249176053229,28388000
2021-10-04,133.1343994140625,135.0602749346136,130.5481538555014,135.05977376838186,31530000
2021-10-05,135.53506469726562,136.71447618721302,133.3683251132613,133.3683251132613,24126000
2021-10-06,136.7064971923828,137.2021506415427,133.85250710648745,133.99085937299006,19764000
2021-10-07,138.5293426513672,139.49372312853077,137.90977971619506,138.20836847167155,18250000
2021-10-08,139.395751953125,139.65552313416876,138.7720581289154,139.24646515337872,18924000
2021-10-11,138.1929473876953,140.10006719459753,138.15214030581612,139.14095649530464,16584000
2021-10-12,136.06851196289062,139.0364642109256,135.60769716538297,138.97922494744452,22536000
2021-10-13,137.24990844726562,137.89685334211552,136.33076952555135,137.10062164906907,16380000
2021-10-14,140.74537658691406,140.98374951124026,138.68215079644133,139.29225244583967,21426000
2021-10-15,141.0071258544922,141.52964485106753,140.39949971216296,141.52964485106753,21250000
2021-10-18,142.28656005859375,142.3246335093071,140.54780160401805,140.54780160401805,16564000
2021-10-19,143.14401245117188,143.4276573857957,142.42142177871906,142.61601098187455,15316000
2021-10-20,141.74362182617188,143.56774550029272,141.24300229778405,143.54261125325104,17940000
2021-10-21,142.107421875,142.17609684563178,140.96930357024203,141.521695146268,14850000
2021-10-22,137.9715118408203,140.8911852990357,136.52387015871884,139.68937328802986,30182000
2021-10-25,138.11880493164062,138.5495649598508,136.10385822938275,138.1561342275559,21082000
2021-10-26,139.0135498046875,140.17554167758462,138.35018795757466,139.94315241511848,28258000
2021-10-27,145.73721313476562,148.41502027601456,139.24296434752,139.24296434752,51850000
2021-10-28,145.44012451171875,146.72951903774012,144.0810678730162,146.60460713959253,32418000
2021-10-29,147.571533203125,147.91243260174016,144.48217701457,144.83401095085182,28954000
2021-11-01,143.0962371826172,147.69993564061997,142.90265030854982,147.466528825876,32272000
2021-11-02,145.17538452148438,146.2278944337264,143.9591451078589,144.12674725768434,21150000
2021-11-03,146.09800720214844,146.21795300074038,144.36969728607374,145.58543558296935,17886000
2021-11-04,147.98208618164062,149.24311166529603,145.9437366095947,146.5060755503755,24700000
2021-11-05,148.53746032714844,149.86094940683304,147.95123243674595,148.64943302826856,20408000
2021-11-08,148.64743041992188,150.3224951051992,148.41701543669453,149.2928718111137,18388000
2021-11-09,148.544921875,149.66958453628757,146.81163075089745,149.0400741457261,16876000
2021-11-10,145.93478393554688,147.9989966173376,144.63990701522164,147.31200399019767,22708000
2021-11-11,146.05621337890625,147.80218561484364,146.0029682572251,146.41351457051854,12464000
2021-11-12,148.94003295898438,149.15302861433008,145.76358053254611,147.1345891444526,17048000
2021-11-15,148.6837615966797,149.7676323720757,147.9517247303142,149.29287604496372,16248000
2021-11-16,148.37322998046875,149.12616393141388,147.65065455483602,148.46728218019854,17254000
2021-11-17,148.3592987060547,148.92065050631604,147.86265810404328,148.52551885739143,15290000
2021-11-18,149.99853515625,150.89528868116975,148.29610368710667,148.44289984568738,26658000
2021-11-19,149.24562072753906,151.1341825621098,149.18092470876,150.2881834019908,19766000
2021-11-22,146.38516235351562,150.0338807942777,146.31249324053547,149.43396955061166,24608000
2021-11-23,146.065185546875,146.99776496899395,144.20648111751487,146.41951014337795,18126000
2021-11-24,146.0258331298828,146.30700256404444,144.51449806398526,145.66007291316313,16464000
2021-11-26,142.13278198242188,144.6120362071691,141.81379726121764,144.33186908963074,16992000
2021-11-29,145.42518615722656,146.1696610206613,143.61823885451284,143.61823885451284,26276000
2021-11-30,141.78045654296875,145.93726633862408,141.39627462335028,144.7645828074868,41590000
2021-12-01,140.95037841796875,145.80851691875938,140.8329384617755,143.5326450766273,28476000
2021-12-02,143.09873962402344,143.99300262177246,140.3174031035637,141.15544434977295,21250000
2021-12-03,141.8486328125,144.52844488460605,140.484594860374,143.8143284858745,26688000
2021-12-06,143.11862182617188,143.6710133953138,139.98397849653898,142.89718225644546,22198000
2021-12-07,147.338623046875,147.6008848603881,145.01562639062507,145.26195719236128,23258000
2021-12-08,148.01942443847656,148.45335852964553,146.50608442108935,147.63225068282398,18964000
2021-12-09,147.40780639648438,148.89973281365036,146.8335306015912,147.47746850763832,18580000
2021-12-10,147.97413635253906,148.69570952832413,146.66284230059568,148.39713590350703,21634000
2021-12-13,146.0128936767578,147.862136264037,145.67002005117266,147.74419514802094,24104000
2021-12-14,144.28709411621094,144.75636799933145,141.57194225064669,144.08753881445676,24778000
2021-12-15,146.6737823486328,146.8218238289331,142.03277002498785,143.6854341580654,27280000
2021-12-16,144.15570068359375,147.85119424013806,143.4132153034411,147.3789285852678,27400000
2021-12-17,142.1298065185547,143.77909925836724,141.11959193513306,142.0417227442369,43404000
2021-12-20,141.73019409179688,141.93820845767448,139.5888322167068,140.01640295898017,20264000
2021-12-21,143.54063415527344,144.00995361347304,141.06684693247522,142.4751697916547,19548000
2021-12-22,146.25625610351562,146.60857597282032,143.28432509165708,143.42068787050474,18438000
2021-12-23,146.44886779785156,147.87222575457932,146.25812085274202,146.3961086507727,13818000
2021-12-27,147.36598205566406,147.72677617100655,146.5558240863472,146.76831856215946,13256000
2021-12-28,145.7576446533203,147.67506158536938,145.247563607051,147.67506158536938,18624000
2021-12-29,145.81385803222656,146.48990096865066,144.8185721761895,145.73921463039517,17022000
2021-12-30,145.31423950195312,146.36924018019693,145.07138644952903,145.75962449779087,12978000
2021-12-31,143.99746704101562,145.6750224757932,143.9954775627205,144.85789362336376,17298000
2022-01-03,144.39060974121094,144.86387782409506,142.82602916697581,143.79443440951312,25214000
2022-01-04,143.73570251464844,145.91885874125447,143.13817563356898,144.86435933884624,22928000
2022-01-05,137.0045928955078,143.61777087671226,136.8752008669586,143.501318051018,49642000
2022-01-06,136.90255737304688,139.0275023594518,136.1187788867449,136.84931225353333,29050000
2022-01-07,136.358642578125,137.60299288950893,135.14887274002535,137.25489494126603,19408000
2022-01-10,137.92076110839844,137.98644427120655,132.51287268196174,134.462136338088,34096000
2022-01-11,139.35743713378906,139.66796279298438,136.16854652192146,137.5290914542016,23502000
2022-01-12,140.98023986816406,142.14100166724262,140.44677116766908,140.8871899997457,23642000
2022-01-13,138.47511291503906,142.51050378513614,138.2591406229541,141.1718430961465,26566000
2022-01-14,139.12754821777344,140.53488410753678,136.85182770573846,136.85182770573846,23826000
2022-01-18,135.64801025390625,136.74381796810013,134.9776927306703,135.95606047460763,27382000
2022-01-19,135.0125274658203,137.74708847055524,134.8612511640772,136.29297710228914,20796000
2022-01-20,132.87713623046875,137.26187053763397,132.51684322341626,135.8704658414132,21930000
2022-01-21,129.47872924804688,134.12522429110854,129.38817001567028,132.3849622689666,41920000
2022-01-24,129.75741577148438,130.1620088710367,124.0543858883608,125.4333982084183,55148000
2022-01-25,126.13804626464844,128.72877976438997,125.78223339602185,127.83003676415723,36008000
2022-01-26,128.6307373046875,132.1814089323611,126.5540714975638,129.97685461512128,39630000
2022-01-27,128.51229858398438,131.98480356276679,128.33713338785543,130.7417290323743,30248000
2022-01-28,132.66116333007812,132.74177516926142,128.0878234604517,129.38716542070122,30518000
2022-01-31,135.0587921142578,135.2031128080087,131.6504363679538,133.56536224354517,34056000
2022-02-01,137.228515625,137.54850270161393,133.9338788712922,137.1852330826009,51204000
2022-02-02,147.338623046875,151.38297387838952,144.87130569957085,151.1475776128586,89750000
2022-02-03,141.97802734375,148.41474907406587,141.53463185343347,144.61006160963422,56930000
2022-02-04,142.34181213378906,143.85389158382364,139.15838866090303,142.3427992795155,49224000
2022-02-07,138.28305053710938,143.16840496924826,138.0451787612599,143.03155618088206,44610000
2022-02-08,138.5567169189453,139.177874507758,136.2277518355786,138.33602153055318,34256000
2022-02-09,140.78619384765625,141.5052916294116,139.71526209948217,140.18578137032367,28628000
2022-02-10,137.94911193847656,140.76428464107363,137.39922617971627,138.84238774615775,33018000
2022-02-11,133.49769592285156,138.62664677621441,132.6601559548538,138.09591169014544,38808000
2022-02-14,134.6621856689453,135.52460175407498,132.67360334195214,132.73679585661614,26792000
2022-02-15,135.78237915039062,137.24991553166694,134.90055428928034,136.82343820884427,26578000
2022-02-16,136.83937072753906,137.2957054165629,134.18807954874515,135.7873467466399,25610000
2022-02-17,131.68478393554688,136.19441489911532,131.57877967167903,135.508166378858,30968000
2022-02-18,129.85244750976562,133.19313057952024,129.69275771979932,132.41033927813902,31858000
2022-02-22,128.79246520996094,131.27894837207833,127.13879884935457,129.3722234323192,38906000
2022-02-23,126.98355102539062,131.12791539006875,126.90243801867643,130.4605896780245,26432000
2022-02-24,132.04803466796875,132.40983111736546,124.17633077094153,124.41071709935375,43166000
2022-02-25,133.88536071777344,134.75076860095928,131.1438444032847,132.8960432649029,26236000
2022-02-28,134.25509643554688,135.0010595812273,132.19908477762706,132.65616356171356,29676000
2022-03-01,133.5355224609375,135.46935622694352,132.7497392347727,133.84604814898742,24640000
2022-03-02,134.1162567138672,134.97618210956756,132.8034744336077,133.9736825017125,23966000
2022-03-03,133.67486572265625,136.0693321511607,132.8020010269476,135.3374926240358,19780000
2022-03-04,131.49916076660156,133.56638068472472,129.79373736556602,132.75373191549508,24446000
2022-03-07,125.86833190917969,131.28219596686398,125.81409204819869,131.28219596686398,39178000
2022-03-08,126.67849731445312,130.62779399578713,125.26742565490902,125.65534355102515,35250000
2022-03-09,133.2349395751953,133.5658763891628,129.47474956765626,130.78056114470036,32258000
2022-03-10,132.05653381347656,132.90898733852603,130.78156671267752,130.84276975032068,24266000
2022-03-11,129.86041259765625,133.56735727638488,129.68225558105098,133.36780197861034,26600000
2022-03-14,126.14352416992188,130.40832778100926,125.81707508109646,129.95746036461753,30254000
2022-03-15,129.0492706298828,129.901967097563,125.97134270046584,127.13931072888491,30292000
2022-03-16,133.06028747558594,133.1403981566218,128.59194908371893,130.38246456873284,32058000
2022-03-17,133.96597290039062,134.10432517183582,132.0933422546361,132.69250934193886,23994000
2022-03-18,136.15660095214844,136.2680724857268,132.30535058816045,133.25285862357657,45900000
2022-03-21,135.8351287841797,136.93392831950075,133.97692561158263,136.20239256628204,26632000
2022-03-22,139.6162109375,140.83295156672966,135.8565221827463,135.8565221827463,29776000
2022-03-23,137.85057067871094,139.3648977642606,137.51516893887396,138.48258692526088,25302000
2022-03-24,140.6458282470703,140.72993305890722,137.38865755203653,138.6159529942496,20544000
2022-03-25,140.85433959960938,141.29027830527698,139.04092266779776,141.0857417267042,19270000
2022-03-28,141.2808380126953,141.30721758576396,139.16899904193733,140.0213007231034,23774000
2022-03-29,142.57470703125,143.4829115015674,141.81231158269637,142.48563611023712,28678000
2022-03-30,141.9720458984375,142.80410336854544,141.497790757229,142.19647725737113,21046000
2022-03-31,138.99118041992188,141.9720567564034,138.96082189232544,141.7769815753248,29516000
2022-04-01,140.03672790527344,140.28554938882468,138.14269889397616,139.34997818077468,23480000
2022-04-04,142.96534729003906,143.36470087129743,140.16062342555867,140.16062342555867,19076000
2022-04-05,140.3980255126953,142.91310594058695,140.27908203793703,142.72351320068876,19256000
2022-04-06,136.52932739257812,139.18922944851172,135.77501139602575,138.5054715892277,23574000
2022-04-07,135.82168579101562,137.05236797566872,134.22152255016007,135.97396441120316,19448000
2022-04-08,133.37875366210938,135.60769828723264,133.12197428430505,135.60769828723264,16434000
2022-04-11,129.1846160888672,132.31250118939312,129.00645906753164,132.27348615335092,24188000
2022-04-12,127.76933288574219,131.7992416949263,126.97459699254625,131.7992416949263,23004000
2022-04-13,129.67181396484375,130.03982189745568,127.83312593210778,128.0201368962124,19542000
2022-04-14,126.65311431884766,130.09406896896476,126.51228658902575,130.03361008916093,23484000
2022-04-18,127.35778045654297,128.10524723095722,125.98175241200714,126.80938301609235,14918000
2022-04-19,129.91566467285156,130.28664921622865,126.85067596859626,127.47322320514388,22720000
2022-04-20,127.64093780517578,131.30159318507793,127.29114650395485,130.66511197660427,22610000
2022-04-21,124.34852600097656,129.69320616069407,124.06238283751892,128.7402308929624,30158000
2022-04-22,119.05011749267578,124.86060120061222,118.57885414826217,124.4107285435953,46410000
2022-04-25,122.66898345947266,122.69685134233372,118.20935526541926,118.86649057408276,34522000
2022-04-26,118.942626953125,122.17133751577673,118.60010258551252,122.17133751577673,49394000
2022-04-27,114.47828674316406,116.94609805128918,112.59097790396459,113.83384000766739,62238000
2022-04-28,118.84857177734375,119.87073074018336,114.60108900156129,116.56289673646698,36790000
2022-04-29,114.4245376586914,118.39921172350898,114.15332315763858,117.02373041390261,33694000
2022-05-02,116.60469818115234,116.7863405764315,112.86491202663687,113.36952570231432,30280000
2022-05-03,117.57262420654297,118.73760802514228,116.07720474819547,116.2145546850409,21216000
2022-05-04,121.99716186523438,122.56248502627201,115.19289557716498,117.44721745391996,33232000
2022-05-05,116.19613647460938,120.66174056447177,114.6395140371418,119.65375851194783,43090000
2022-05-06,115.11476135253906,116.94458770742794,113.60490687416149,114.97441961297665,35310000
2022-05-09,112.55091094970703,115.01812228876098,112.02091999018971,112.76937389751654,34520000
2022-05-10,114.04434204101562,116.14091054443671,112.84880221909182,115.49347201494884,31158000
2022-05-11,113.42376708984375,116.12099077971948,113.11423617313255,113.17445205934112,36502000
2022-05-12,112.62754821777344,114.31505104829904,109.59441390034478,111.41031401551595,41464000
2022-05-13,115.96623992919922,117.52833735896017,113.462595272893,114.30410666603765,29738000
2022-05-16,114.25135803222656,116.05779674581578,113.79601048856615,114.84006896362847,23282000
2022-05-17,116.15135192871094,116.67487325941799,114.79378360446997,116.67487325941799,21576000
2022-05-18,111.87113189697266,115.15024783136839,111.6133501748817,114.694262429826,27982000
2022-05-19,110.22342681884766,113.05203203540303,109.9472386426884,111.31376719646522,29192000
2022-05-20,108.79769134521484,112.01943132449912,105.87154836299284,111.55712059771784,37586000
2022-05-23,111.14007568359375,111.47748205782766,108.63967378550643,109.5849416546271,31558000
2022-05-24,105.42665100097656,105.89343423093972,101.72617591760488,105.87602249964246,60386000
2022-05-25,105.34056091308594,106.04243671399546,103.71998654837991,104.6463468817272,37900000
2022-05-26,107.78546905517578,108.44161717467594,104.99070785413384,105.55055611885446,30288000
2022-05-27,112.26725006103516,112.33591743295146,109.03356584864135,109.27093641660595,29924000
2022-05-31,113.50141143798828,115.88462428033296,112.04182531804331,112.54593787484582,51302000
2022-06-01,113.59894561767578,116.84556919378318,113.01520838313238,114.38970249768265,28630000
2022-06-02,117.1909408569336,117.3422247455346,112.77385831758554,113.64971480741112,27472000
2022-06-03,114.02394104003906,115.8159523365389,113.13216113507396,115.44570432786907,25052000
2022-06-06,116.45890045166016,118.83564369936303,115.97897296448902,116.19216607446508,23786000
2022-06-07,116.6768569946289,117.19355940115942,114.58277936830333,115.10281528975709,26414000
2022-06-08,116.68531799316406,118.08668516675237,116.1466174166489,116.32552617837696,22544000
2022-06-09,114.37625885009766,117.79207910560775,114.32549678098384,115.79304832164932,23142000
2022-06-10,110.9022216796875,112.96196969377868,110.33839438297558,112.24959214379983,31324000
2022-06-13,106.37267303466797,108.70362779893402,106.08558068776968,106.93948450933533,36756000
2022-06-14,106.68866729736328,107.94620733346038,105.85063379070733,106.38609956083734,25480000
2022-06-15,109.87010192871094,111.53471806559185,107.60905997610635,108.38612585459978,33192000
2022-06-16,106.13330078125,108.77528226459472,105.29377894979795,107.63966229282266,35314000
2022-06-17,107.35700225830078,108.73447289010724,105.13059396192797,106.03277674410664,43516000
2022-06-21,111.4869384765625,112.14183367899099,108.77827156893109,109.18484648717131,39010000
2022-06-22,111.50585174560547,113.23317447264614,110.20232585303906,110.63896317499959,23922000
2022-06-23,112.15328979492188,112.66287718187586,110.50559176492372,112.41753351005117,24710000
2022-06-24,117.97920227050781,118.07822817573229,113.06746117999977,113.06746117999977,39122000
2022-06-27,116.07272338867188,118.68783942947847,115.4539045234558,118.37432195203178,32840000
2022-06-28,112.04083251953125,117.30091470055925,111.9139311338108,115.8025109462013,28232000
2022-06-29,111.72731018066406,113.12866985146651,111.02812245399987,111.61981760416741,18628000
2022-06-30,108.85690307617188,110.80498202010878,106.80412593743712,109.97858917561709,38046000
2022-07-01,108.5667724609375,109.2887024504971,106.60008977041593,107.82627653967833,31028000
2022-07-05,113.3501205444336,113.51493590818501,105.74862031485087,107.00766390008619,36398000
2022-07-06,114.67037200927734,115.80350141242428,111.72134246474683,113.55416076535447,28852000
2022-07-07,118.74357604980469,119.29695475187049,114.989354580238,115.46112670522629,32184000
2022-07-08,119.60201263427734,119.8672510938452,116.96002344229618,116.99585683166637,29082000
2022-07-11,115.97320556640625,118.23449839136427,115.68656120970118,118.0906788434029,26718000
2022-07-12,114.3080825805664,117.29394007308944,114.07468337568238,116.2877045186761,24970000
2022-07-13,111.65813446044922,114.61413476452478,111.29585197643384,112.10800714469762,38958000
2022-07-14,110.91465759277344,111.4595772033137,108.8101237182931,110.30354606666393,32366000
2022-07-15,112.23540496826172,113.46309536751616,111.29536124953374,112.43048015695064,34330000
2022-07-18,109.3918685913086,114.25881566455679,108.78474363102438,112.9052263360636,33354000
2022-07-19,114.07966613769531,114.26876528446563,109.97908572804702,111.20329065689758,30992300
2022-07-20,114.15928649902344,115.78160733043346,112.72608000664897,113.52230414831732,26780100
2022-07-21,114.49768829345703,114.66688507026035,111.3824462295737,114.5474480312899,27267800
2022-07-22,107.84918212890625,112.64645992532877,107.09276270894505,111.28291549102657,44455300
2022-07-25,107.69988250732422,110.05871274028323,106.50554250706286,108.36672221424634,28289900
2022-07-26,104.94294738769531,107.23210039426073,104.26615267413928,106.92356419615227,36626600
2022-07-27,113.06446838378906,113.86070008244539,107.90888749823135,109.0833250773639,41474600
2022-07-28,114.04981231689453,114.15929437786211,111.32372570434588,112.26825716499474,23303800
2022-07-29,116.09013366699219,116.34891009794764,112.69621307960138,112.8654098410835,31336200
2022-08-01,114.93560791015625,116.56787602015031,114.14933121431078,114.98536764426613,22856200
2022-08-02,115.3536376953125,116.52807536478234,113.72136942159898,113.89056620271383,17911000
2022-08-03,118.22006225585938,118.85704464738586,115.60246297797485,115.79156214227145,25302800
2022-08-04,118.30963134765625,118.93665869753202,117.15509612047474,117.74231871869387,15757700
2022-08-05,117.6626968383789,118.29967918809457,116.15981304759887,116.37877715408149,15615700
2022-08-08,117.58306884765625,120.29024755471546,117.27453266632013,118.55845231459872,17061100
2022-08-09,116.94608306884766,117.64278010082272,116.01051197439986,117.4337709912302,15424300
2022-08-10,120.08123779296875,121.20590805552138,118.79731815159718,119.026229641864,20497000
2022-08-11,119.25515747070312,121.76327462359866,118.98643361602566,121.50450575418448,16671600
2022-08-12,122.07181549072266,122.07181549072266,119.83242224622951,120.58884164608502,16121100
2022-08-15,122.30072784423828,122.67894134351504,120.99690575381473,121.63388811810019,15525000
2022-08-16,121.93247985839844,122.64708986201566,120.96207760768635,121.74337310420826,15626200
2022-08-17,119.75279235839844,121.57416727400366,119.63335532357193,120.35991733026684,17589200
2022-08-18,120.29025268554688,121.11634179263632,118.98643060591009,119.66322531154273,15652000
2022-08-19,117.56316375732422,119.43429836473763,117.11528058239955,119.30491394180999,20187000
2022-08-22,114.52754211425781,115.95080117925099,114.12942625675926,115.55268532175243,19316000
2022-08-23,114.22895812988281,115.38349340587219,113.761180140572,113.7810825172417,14390700
2022-08-24,114.15928649902344,115.17149812350758,113.24362531906196,113.91046503098421,16051200
2022-08-25,117.14514923095703,117.22477392662948,114.50764762931044,114.60717470218654,14874700
2022-08-26,110.77532958984375,116.05034058390395,110.69570489119255,115.26406376993904,31698700
2022-08-29,109.81983947753906,111.43220532390005,109.29233918029928,110.25776769113976,20386100
2022-08-30,109.3918685913086,110.844984983544,108.28710071888507,110.50658385470659,20548200
2022-08-31,108.63545227050781,111.24309634309817,108.53592520398799,111.10375693128472,25898000
2022-09-01,110.02885437011719,110.69569407092312,107.67997914350877,108.68521239036124,22784400
2022-09-02,108.16766357421875,111.1485473484776,107.62025333406162,110.81511991547303,20618100
2022-09-06,106.97332763671875,108.36672176679409,106.00789913700333,107.62523866045296,20565100
2022-09-07,109.95919036865234,110.46678071405597,107.1076907772533,107.25201148611757,22987200
2022-09-08,108.90418243408203,110.05871773436151,107.5505929892028,108.66531594187654,21660700
2022-09-09,111.2530517578125,111.47201586105956,109.48144414925493,109.53121147942143,21732900
2022-09-12,111.3426284790039,112.10899522660499,110.40705736938354,111.46205791874897,19732900
2022-09-13,104.81355285644531,108.85441866438423,104.50501666571037,108.3766781042324,33015000
2022-09-14,105.37091827392578,105.59982977275591,104.0073738921362,104.9429450441253,22115800
2022-09-15,103.41020202636719,105.7093099253704,102.82297942235097,104.51496993474163,26494900
2022-09-16,103.14147186279297,103.53958772904764,101.37484552019858,102.48458713788705,64540100
2022-09-19,103.36042785644531,103.52962461845951,101.88740913837313,102.05660590038732,19738600
2022-09-20,101.3499526977539,102.68363199676537,100.64330070587691,102.39499820964471,24001700
2022-09-21,99.53854370117188,103.00213433617348,99.51863373110857,101.75802697722172,26596800
2022-09-22,100.09590148925781,101.20066943281867,98.94137380733588,98.98117856065326,21272700
2022-09-23,98.70249938964844,99.63807055141359,97.54797171167087,99.58830321979381,25657000
2022-09-26,98.34419250488281,99.96651330176526,97.91621928522669,98.14513837205931,22437900
2022-09-27,97.6275863647461,99.98641658663331,96.88112196972934,99.43901391967812,24225000
2022-09-28,100.26509857177734,100.92199090493601,97.33896321464246,97.55791973226661,24617000
2022-09-29,97.6275863647461,98.83188893759021,96.06498786824815,98.83188893759021,21921500
2022-09-30,95.69673156738281,99.02496905742883,95.57729453727607,97.26928496002856,26277800
2022-10-03,98.8318862915039,99.49872597744233,96.56262821292925,96.76168993566122,24840000
2022-10-04,101.9272232055664,102.23575937603874,100.56367891546137,100.56367891546137,22580900
2022-10-05,101.73812103271484,102.25566633478026,99.26980877800762,100.21533489370934,18475500
2022-10-06,101.75802612304688,103.24100754973763,101.02151669888987,101.02151669888987,17156200
2022-10-07,99.10061645507812,100.94189384574065,98.74231292470361,100.17552704620165,24249900
2022-10-10,98.24466705322266,99.51863174846024,97.40863056950869,99.37929233450791,16529900
2022-10-11,97.58778381347656,99.64802528645066,96.79155207012974,97.78683795259893,21617700
2022-10-12,97.83660888671875,99.17825388045844,97.20957389787958,97.80674393066488,17343400
2022-10-13,99.23995208740234,100.05608618802648,94.82088044364659,95.47777275541719,32812200
2022-10-14,96.72187805175781,100.81250345388494,96.57258365735488,100.15063746032703,22624800
2022-10-17,100.3049087524414,101.29023963747129,99.04089903879125,99.05084643022157,23311600
2022-10-18,100.91202545166016,103.72868605450844,100.17551609459916,103.45000724877877,21610500
2022-10-19,99.81722259521484,101.17976466249833,99.16531155367703,100.22528586061577,21573700
2022-10-20,100.05608367919922,102.51444090418003,99.49872604204442,100.34471748227675,25125100
2022-10-21,101.00161743164062,101.14095685148868,97.76693822594267,97.99584973279497,28988700
2022-10-24,102.4845962524414,102.61398069327394,99.82718456850232,101.60873975010038,24680800
2022-10-25,104.43534088134766,104.60453764749055,102.5343413296763,102.81302773638171,29910200
2022-10-26,94.37300872802734,98.07547349073133,94.12418725304379,96.30386580379698,71504300
2022-10-27,92.16346740722656,94.72135171622803,91.46677035552513,93.86540528503579,54036500
2022-10-28,96.12470245361328,96.40338125706131,91.88776712186636,92.09379200729283,35696900
2022-10-31,94.21376037597656,95.895788266276,93.93507396490948,95.32847564653179,29868700
2022-11-01,90.07337188720703,95.71166729279447,90.00370217953972,95.13937335734343,43220600
2022-11-02,86.6595458984375,90.86960873690701,86.59983117234387,90.48144783044027,43553600
2022-11-03,83.09642028808594,86.14200040176253,83.05660793961765,85.93796496339849,48510400
2022-11-04,86.29129028320312,86.3211552406874,83.48458416059634,85.10690514625658,40173300
2022-11-07,88.23209381103516,88.52072762427457,86.55005826242318,86.92826415903247,26899900
2022-11-08,88.4908676147461,89.97881508466742,87.23680533110023,88.73968907456474,30172000
2022-11-09,86.98799133300781,89.0681352706783,86.94817898481038,88.12759037562216,26743900
2022-11-10,93.72606658935547,94.10428007181585,91.21794959067762,91.90469166304018,42371200
2022-11-11,96.27400207519531,96.9010294170545,93.7161177852531,94.26352043796018,30569100
2022-11-14,95.57730102539062,96.72188129630366,94.66462406346555,95.04980072844313,24170100
2022-11-15,98.25462341308594,99.94660637385905,96.56263285888416,98.2048560816514,31831000
2022-11-16,98.52334594726562,99.37929240122082,97.44047747427246,97.55791744035602,24660200
2022-11-17,98.03565216064453,99.01103559431566,96.6422505097264,96.72187519684815,21818700
2022-11-18,97.3389663696289,98.69255583325732,96.28395812703593,98.54326142602511,24969900
2022-11-21,95.37824249267578,98.25461792127615,95.21899311572922,97.10008271869822,18696900
2022-11-22,96.87117767333984,97.08814471273037,93.96494469164605,95.70669500233242,18868900
2022-11-23,98.3541488647461,98.6019755918307,96.88112244359954,96.88112244359954,17568900
2022-11-25,97.139892578125,98.47357949893839,97.07022287585006,98.00081266911414,8567800
2022-11-28,95.7962646484375,97.36881813989444,95.4379611290314,96.74178318421949,19974500
2022-11-29,94.99008178710938,95.93560028567009,93.94502863107638,95.54743942049858,20220000
2022-11-30,100.97175598144531,100.97175598144531,94.22371849607283,94.67160172693039,39888100
2022-12-01,100.80255126953125,102.10637332378369,100.19542628394152,100.92198830705709,21771500
2022-12-02,100.35467529296875,100.67316646508776,98.70249711711934,98.90155884558654,18821500
2022-12-05,99.3991928100586,101.27032732828877,98.88662124481469,99.34445178884673,19955500
2022-12-06,96.85126495361328,99.7375954766375,96.30386228470965,99.20014019910097,20877600
2022-12-07,94.70144653320312,96.85125993860218,94.57703580669956,96.31380468889539,26647900
2022-12-08,93.5071029663086,95.4180575774107,93.35781616291882,95.23890581991452,25593200
2022-12-09,92.63125610351562,94.04456022391321,92.5814887723829,93.45734520237579,21885300
2022-12-12,93.11893463134766,93.43245208020878,91.46676419427745,92.6511491023891,27380900
2022-12-13,95.39814758300781,99.32953126219154,94.93036201669989,97.60768339373894,34788500
2022-12-14,94.8606948852539,96.76169456275036,93.49715808812078,95.08961397898538,26452900
2022-12-15,90.77007293701172,93.58673391521872,90.0037061191262,93.09904594020067,28298800
2022-12-16,90.43167114257812,91.31747492401254,89.58567970556449,90.77006468001228,48485500
2022-12-19,88.729736328125,90.77006779404601,88.5057985273253,90.45157662118169,23020500
2022-12-20,89.20747375488281,89.35676816069653,87.62497279617249,88.31172250685827,21976800
2022-12-21,89.82454681396484,90.48641280696336,88.49086743686348,89.3070015196909,20336400
2022-12-22,87.84394073486328,88.75960199333768,86.53016357470415,88.51078050396339,23656100
2022-12-23,89.38662719726562,89.67526102899684,87.20695616790698,87.20695616790698,17815000
2022-12-27,87.51548767089844,89.07808619766787,87.12235308968214,88.88897945070303,15470900
2022-12-28,86.05241394042969,88.10270036774263,85.96284185850402,87.08751213877628,17879600
2022-12-29,88.53067779541016,88.94372235525123,86.57991834200945,86.61973068923339,18280700
2022-12-30,88.31172180175781,88.41124887369601,86.619731205093,86.95315107247184,19190300
2023-01-03,89.27714538574219,91.11843044134119,88.60035064579858,89.4065374171645,20738500
2023-01-04,88.29180908203125,90.8098811314599,87.38610288413852,90.58096963247291,27046500
2023-01-05,86.36094665527344,87.7941606559298,86.15193754574908,87.65482124958022,23136100
2023-01-06,87.7444076538086,88.05294384962349,85.16661325169555,86.94817590492201,26612600
2023-01-09,88.38139343261719,90.40182265125355,88.16242931353618,88.77452803301881,22996700
2023-01-10,88.8193130493164,89.05320584713402,86.29128591056448,86.31119588121177,22855600
2023-01-11,91.8250732421875,92.01417238726286,89.31694868624322,89.635439849633,25998800
2023-01-12,91.47672271728516,92.18337473330077,90.14303577928821,91.9644106394932,22754200
2023-01-13,92.3625259399414,92.54167768896369,90.50133874695594,91.09651923439354,18630700
2023-01-17,91.72554779052734,92.53172690097314,90.41176317583279,92.34262015914376,22935800
2023-01-18,91.34733581542969,93.14681132961738,90.96912991895344,92.5018710679812,19641600
2023-01-19,93.46729278564453,93.95498069972525,90.94921334224942,90.95916832637336,28707700
2023-01-20,98.81198120117188,98.95132061724973,95.45787263688962,95.49767738997299,53704800
2023-01-23,100.73287963867188,100.92198637945205,98.2844773668706,98.66268325500256,31791800
2023-01-24,98.7423095703125,100.61344425937016,98.23471165395418,99.08071071236088,27391400
2023-01-25,96.27400207519531,97.2593329248107,94.81292016231012,96.74178003875029,31000900
2023-01-26,98.69254302978516,98.74230276345453,96.36357032201786,97.81668667081065,24542100
2023-01-27,100.23523712158203,101.10113854540126,98.50344186737202,98.58306655785783,29020400
2023-01-30,97.48825073242188,98.94037249402334,97.06027749227827,98.27950879283037,24365100
2023-01-31,99.3991928100586,99.43900515216066,97.32899658131807,97.39866628163973,22306800
2023-02-01,100.95184326171875,101.70826262782808,97.95603075102244,99.26980775877634,26392600
2023-02-02,108.28710174560547,108.30700412117132,106.03775363524876,106.28657509367761,46622600
2023-02-03,104.7239761352539,107.5107719002087,102.81302916612579,103.02203827899028,36823400
2023-02-06,102.98223114013672,104.20642851928456,101.72816880613156,102.20092808008586,25573000
2023-02-07,107.53067779541016,108.1577051102493,103.05984964740256,103.14146381125228,33738800
2023-02-08,99.5285873413086,103.0917125905503,97.99087248930825,102.20590877068695,73546000
2023-02-09,95.0099868774414,100.13571055317259,93.41753102694793,100.06604084700814,97798600
2023-02-10,94.4128189086914,96.56263245463339,94.08437274682724,95.28866774690057,49325300
2023-02-13,94.55215454101562,94.9005030653758,93.6066360329768,94.5621095255483,43116600
2023-02-14,94.50239562988281,94.72634103796074,92.21324255629635,94.21376939358002,42513100
2023-02-15,96.64225006103516,96.88111652786327,93.91516908391556,94.29337495584576,36964500
2023-02-16,95.32848358154297,97.41858248123923,94.52230442149285,95.08961708845939,35642100
2023-02-17,94.14408874511719,95.29862402303579,93.00946343733028,94.62182931370424,31095100
2023-02-21,91.61607360839844,92.97463678728393,91.56630627413868,92.80045871080388,28367200
2023-02-22,91.36724853515625,91.9246062085135,90.44163234565723,91.500611925036,29891100
2023-02-23,90.64068603515625,91.6956866525768,89.5856854177357,91.6956866525768,32423700
2023-02-24,88.92878723144531,89.70510896249682,88.4410993017847,89.20746604839424,31295600
2023-02-27,89.67525482177734,90.02360335546858,89.18756687460962,89.66529983697802,22724300
2023-02-28,89.87432098388672,91.0188937091269,89.09799159324385,89.11790156382462,30546900
2023-03-01,90.08332824707031,90.77007034929314,89.42643591324207,89.73497970341688,26323900
2023-03-02,91.87483215332031,92.04403651471844,89.34680524447734,89.43638491738555,23328600
2023-03-03,93.57677459716797,93.66635427447287,92.223192793545,92.30280989251439,30242500
2023-03-06,95.1294174194336,95.8460244015912,93.85545282601029,93.91516754338078,28288200
2023-03-07,93.72606658935547,95.63701359724607,93.40160698664005,94.97017390075743,24101500
2023-03-08,94.20381164550781,95.786312576485,93.95996386717117,93.95996386717117,25395200
2023-03-09,92.22319030761719,95.46781670437458,91.91962782028254,94.04455763819666,24438900
2023-03-10,90.58097076416016,92.74073931800866,90.37196163895824,92.06394461064731,32850100
2023-03-13,91.2279052734375,92.64120936758242,89.51601238489984,90.138066045361,31508600
2023-03-14,93.80570220947266,94.38296989164628,92.34263062584571,92.63126446693254,32303900
2023-03-15,96.09485626220703,96.79155335178928,92.60140064232174,93.09904359014584,38367300
2023-03-16,100.59354400634766,101.48930282075987,95.41806044618829,96.11475752771521,54499500
2023-03-17,101.97698974609375,103.00213298143821,100.27505181264394,100.36462389646458,76140300
2023-03-20,101.44947814941406,102.09641541419684,100.31485298681007,100.58357680177302,26033900
2023-03-21,105.34104919433594,105.46048622824132,101.37981582099496,101.49925285490033,33122800
2023-03-22,103.72869873046875,107.00319028480114,103.71874374521104,104.64435994502796,32336900
2023-03-23,105.75907897949219,106.59611020702042,104.91308750622107,105.39082047288845,31385800
2023-03-24,105.56001281738281,105.6595474752362,104.2462358240578,105.24152165516549,25236200
2023-03-27,102.57415008544922,104.90312275987986,102.146176896193,104.82349807503502,25393400
2023-03-28,100.88217163085938,102.51443977317155,99.80726111955286,102.51443977317155,24913500
2023-03-29,101.41963195800781,102.33529313857,100.55373051502896,102.23576606997473,26148300
2023-03-30,100.84236145019531,101.13099525628078,99.81721824541872,100.96179848515672,25009800
2023-03-31,103.50973510742188,103.69884186107308,100.96180559621337,101.23052945201815,28108000
2023-04-03,104.41544342041016,104.45524817267045,101.89736381123552,102.185997622408,20719900
2023-04-04,104.62445068359375,105.59982655866123,104.10689779225198,104.34576426871752,20377200
2023-04-05,104.45525360107422,106.03776215237406,103.61125157152395,105.61974389106048,21864200
2023-04-06,108.38662719726562,109.11318159274532,104.32088553825663,105.27137772430396,34684200
2023-04-10,106.4458236694336,107.46101953690977,105.10218922688338,106.88375189410401,19741500
2023-04-11,105.61973571777344,106.71454861939075,104.78369166641389,106.4159598310277,18721300
2023-04-12,104.7239761352539,107.07981447272418,104.47515467802071,106.88374456161523,22761600
2023-04-13,107.67998504638672,107.75462845227459,105.93823470366691,105.96809206602205,21650700
2023-04-14,108.9439926147461,109.06342965518762,107.08280526669972,107.18233993044869,20758700
2023-04-17,105.91832733154297,106.20696116377165,104.82351432223253,104.93299638250647,29043400
2023-04-18,104.62445068359375,106.54535266677745,104.28604954795823,106.49558533719245,17641400
2023-04-19,104.52491760253906,105.22659595576813,103.31067523267343,103.72371218206571,16732000
2023-04-20,105.40077209472656,106.38411347306022,104.14670980873836,104.15666479330964,22515300
2023-04-21,105.41072845458984,106.13728287577679,104.9877289292179,105.58987261863996,22379000
2023-04-24,106.27661895751953,106.81407421311313,104.86331491138166,105.5500645591004,21410900
2023-04-25,104.11685180664062,106.93351254210845,104.06708447751939,106.10742347663711,31408100
2023-04-26,103.95761108398438,106.51549558916905,102.78317339716249,105.06237906029263,37068200
2023-04-27,107.85912322998047,108.63544492715852,103.92773982405227,104.7339264732531,38235200
2023-04-28,107.7098388671875,107.77950857486836,105.54011535071814,107.29182062110233,23957900
2023-05-01,107.20223999023438,108.16766849767576,106.99323086905045,107.21219497507987,20926300
2023-05-02,105.48039245605469,107.22214260656568,104.00736613051419,107.15247290428236,20343100
2023-05-03,105.61973571777344,107.6202547821496,105.1220927994539,105.71926278275168,17116300
2023-05-04,104.71402740478516,105.79889297169748,104.20642947555356,105.6595535547992,19780600
2023-05-05,105.71427917480469,105.93822455787861,104.24523937756305,104.82350171166144,20705300
2023-05-08,107.72974395751953,107.90889572370182,105.29129653383215,105.29627022971015,17266000
2023-05-09,107.43115997314453,110.07364276113574,107.21716956104675,108.26719646482212,24782400
2023-05-10,111.75070190429688,112.97490692724274,107.96861996362168,108.03828967429801,47533500
2023-05-11,116.34892272949219,117.88166392012744,114.388208299956,115.31382448672181,57115100
2023-05-12,117.3641128540039,117.70251401247486,116.00057601513231,116.44845163790654,31272500
2023-05-15,116.40863037109375,118.2349789674322,115.93089742252863,115.94084481361202,22107900
2023-05-16,119.52387237548828,120.62864026069234,116.27924601807277,116.27924601807277,32370100
2023-05-17,120.9073257446289,121.70354985109103,118.89684411944845,119.61345113066413,26659600
2023-05-18,122.93770599365234,123.31591947996219,120.9172769143201,120.98694662073058,27014500
2023-05-19,122.66898345947266,125.88275782763722,122.14148316339876,123.61450199846229,30251300
2023-05-22,125.27662658691406,126.45106413659438,122.86802917592354,122.92775148755342,29760200
2023-05-23,122.70880126953125,124.82875753308413,122.46993477628996,124.34106956129973,24477900
2023-05-24,121.06656646728516,122.17133433432026,120.18076269547187,121.30543293778706,23087900
2023-05-25,123.7637939453125,125.38611474082295,122.32063249999149,124.61974038390088,33812700
2023-05-26,124.83871459960938,125.40602727640835,122.70880331524629,123.48015143027509,25154700
2023-05-30,124.05242919921875,125.78422447247827,122.3106789411819,125.69465238976777,27230700
2023-05-31,122.78842163085938,124.31120781084275,122.5196901911984,123.11686019993697,41548800
2023-06-01,123.78369903564453,124.45053870652681,122.71874352171541,122.91779764652478,25017700
2023-06-02,124.6396484375,126.14750586980081,123.76379204305104,123.90313145245369,19362400
2023-06-05,126.03304290771484,127.386632254605,123.79364977265178,124.02256885645558,22672500
2023-06-06,127.30702209472656,128.2724506249467,125.37616503428626,126.0031924126324,19450100
2023-06-07,122.3604507446289,128.93929113866884,122.05190695268048,126.97359541514106,34179300
2023-06-08,122.09171295166016,123.14672111234258,121.4348282416394,122.0071145659302,24815000
2023-06-09,122.290771484375,123.69910183143158,121.84288830914471,121.98222771652439,20304500
2023-06-12,123.7637939453125,124.16190980405125,121.77322224504714,122.81329413601297,22255700
2023-06-13,123.84342193603516,125.26668104339029,123.26118060940287,125.05767192050398,19287700
2023-06-14,123.79365539550781,124.20172625238887,121.58412711369931,123.21639535436614,24659600
2023-06-15,125.19700622558594,125.5652647185517,122.55949724141739,123.2960066339206,24517100
2023-06-16,123.47515869140625,126.102712697508,123.20643485612625,126.102712697508,56686800
2023-06-20,123.26615142822266,124.58490974007022,122.25096319883583,122.95264154792456,22698000
2023-06-21,120.68836212158203,122.8282281791936,120.29024627007294,122.65405012121204,22612000
2023-06-22,123.28606414794922,123.35075256633372,119.03618920668818,120.09119739838766,20781900
2023-06-23,122.4400634765625,122.85808930986228,121.28553582452349,121.46468758352954,29542900
2023-06-26,118.5285873413086,122.14147980946397,118.42906027574189,120.89339354984655,23185000
2023-06-27,118.448974609375,119.32979714519557,116.35887578174737,117.28448435970893,27221700
2023-06-28,120.50920867919922,120.69830782110898,117.04561069106751,117.40391419306142,19753100
2023-06-29,119.44425964355469,120.34001844718046,118.64802790845876,119.5238767423214,18517500
2023-06-30,120.39973449707031,121.45473510328993,120.31015481900579,120.52911892824277,23865800
2023-07-03,119.99165344238281,120.44948399850098,119.1406883369487,119.75278697689247,13888300
2023-07-05,122.0519027709961,122.78841977763858,119.49401840420481,119.49401840420481,17830300
2023-07-06,120.35991668701172,120.57888078630921,118.68783617551885,120.07128288279486,17732500
2023-07-07,119.57363891601562,121.17604970854747,119.5238715871829,120.32010328793686,20982400
2023-07-10,116.31906127929688,118.5086871355719,116.0901421902162,118.5086871355719,32960100
2023-07-11,117.15509796142578,117.66766957312922,115.28396327359579,116.20957942944025,18286600
2023-07-12,119.05609130859375,120.38977064895514,118.439011372849,118.737600153177,22059600
2023-07-13,124.24153137207031,124.74414798012141,120.48929955905058,120.9670400962163,31535900
2023-07-14,125.10743713378906,126.49088395541509,124.31121295367358,124.54012446300305,20482800
2023-07-17,124.47045135498047,126.67998725250087,123.91309368476946,125.46573724803083,20675300
2023-07-18,123.49506378173828,124.40076991038795,122.71874207334484,124.31617152867102,21071200
2023-07-19,122.20120239257812,124.87852391112374,121.89266619144153,124.20172919092528,22313800
2023-07-20,118.96652221679688,124.11214848892867,118.12550441772859,121.54431664214903,27541700
2023-07-21,119.74284362792969,120.72818213149837,118.50869124397666,120.30020889280264,56498100
2023-07-24,121.3054428100586,122.76851429863068,120.80779985984653,121.35123118575713,22276100
2023-07-25,122.21115112304688,123.10690991179244,120.95708881880307,121.30543734958512,31820800
2023-07-26,129.04876708984375,130.75069739047112,128.10324856873333,129.7454641481958,46216900
2023-07-27,129.2577667236328,132.97019382823336,128.5710170665658,131.17867628520125,35931600
2023-07-28,132.38294982910156,133.43796546264164,130.3028062927618,130.35257361676403,26971000
2023-07-31,132.48251342773438,133.1991205267683,131.5071374489387,132.38297875797917,18381900
2023-08-01,131.26824951171875,132.29339271729313,130.13362425570162,130.23812501712436,22154300
2023-08-02,128.03358459472656,129.8051923789999,127.24730777936597,129.2279247028978,22705800
2023-08-03,128.1629638671875,129.15824972270406,127.17265170731427,127.76484041286672,15018100
2023-08-04,127.93402099609375,131.30803901184555,127.71009081905459,128.98903662639106,20509500
2023-08-07,131.3180389404297,131.43746840215405,128.81986132905985,128.89948603249587,17621000
2023-08-08,131.21849060058594,131.31802526623122,129.516560200799,130.3625441113529,16836000
2023-08-09,129.5364532470703,131.8455238147228,128.8945047788988,131.566844978883,17745200
2023-08-10,129.59619140625,132.0216997650313,129.42201332604975,131.34788922685664,17855700
2023-08-11,129.55636596679688,129.82509741665174,128.14306178737075,128.5929268909368,15191500
2023-08-14,131.2085418701172,131.28816656444948,128.9790959893854,129.2378800426798,17526200
2023-08-15,129.6558837890625,131.36777655849932,129.20700588957308,130.9696531313885,14769200
2023-08-16,128.50135803222656,130.28092356169924,127.85442829776723,128.6705548060566,17548400
2023-08-17,129.84500122070312,131.86641746660837,129.2378762328174,129.83503864241928,23665600
2023-08-18,127.50607299804688,129.21796590382195,126.40130507846943,128.45159153409708,23619400
2023-08-21,128.3221893310547,128.6506354634506,126.56054442118916,127.24728645123851,21851100
2023-08-22,129.07862854003906,130.3326832848051,128.31723544734945,128.5212708756986,15569400
2023-08-23,132.58204650878906,133.43799302310862,129.8947623261838,130.23317108718135,26497000
2023-08-24,129.80519104003906,134.33374512421491,129.6857615865114,134.09189440607807,18680400
2023-08-25,130.0738983154297,130.78054269990784,127.43638194111837,129.52648811043258,20678100
2023-08-28,131.16871643066406,132.61189307300702,130.23316048190944,131.45735783387545,16715500
2023-08-29,134.85130310058594,136.64778700749963,132.35312556743347,132.37104606087476,30803300
2023-08-30,136.28448486328125,136.60298362663758,134.38448756755432,134.93091067958756,21773400
2023-08-31,136.7025146484375,137.74755261910067,136.17501437416826,136.40392586245238,28147900
2023-09-01,136.1551055908203,137.92671316640642,135.2991591632001,137.77741117868558,16665700
2023-09-05,136.0655517578125,136.72242895656424,134.92096377921396,135.7968202933612,17730200
2023-09-06,134.7318572998047,136.8319113102247,134.05507012788405,136.36910697764438,15814300
2023-09-07,135.5579376220703,135.93615112687644,133.32850690790633,133.9654892815043,16976000
2023-09-08,136.55320739746094,136.8667248513154,135.22947547388424,135.22947547388424,17810700
2023-09-11,137.09068298339844,137.6122148514715,135.9062903528029,136.73237945806582,17180800
2023-09-12,135.42855834960938,136.9911492998314,135.28920374561838,136.48355896317153,15212900
2023-09-13,136.851806640625,137.05086077654903,134.293914674087,135.2593431795185,16394900
2023-09-14,138.3347930908203,138.89215076646443,136.41388340134228,137.73761547442584,19064600
2023-09-15,137.64804077148438,138.70304137845025,136.53331025452835,138.14568371340093,48947600
2023-09-18,138.304931640625,139.27034496584977,136.98119960666872,136.98119960666872,16233600
2023-09-19,138.17555236816406,138.51892724109936,136.85182021205352,137.59828468593747,15479100
2023-09-20,133.9555206298828,138.18548554679785,133.88585851665223,138.17553815543835,21473500
2023-09-21,130.74075317382812,132.56212814786812,130.47202173520392,131.76589641033618,22042700
2023-09-22,130.6312713623047,132.38296903863727,129.89475434602193,131.05923699974304,17348700
2023-09-25,131.5469512939453,131.59671863226157,129.41703982100032,130.1535569422465,14650000
2023-09-26,128.8397674560547,130.78555337515328,127.58571258480154,130.29687063040993,20378800
2023-09-27,130.8402862548828,131.09905511203914,128.77008983706102,128.82980455895424,18764200
2023-09-28,132.5023956298828,133.54743350900674,130.0738959906491,130.0738959906491,18201400
2023-09-29,131.2284393310547,134.2541014929729,130.70093906988754,133.44792242163658,23224200
2023-10-02,134.53280639648438,134.72191316581805,131.44244762801844,131.5320197229052,19210400
2023-10-03,132.67161560058594,134.60247270694708,132.18890132399565,134.29392131611854,19628700
2023-10-04,135.6276092529297,135.9261980501909,132.8009858506282,133.02991253441417,22848000
2023-10-05,135.34893798828125,135.85652834118827,133.82117045329818,135.48827740987483,15922900
2023-10-06,138.0760040283203,138.5298632526382,134.3038772759261,134.3038772759261,20819300
2023-10-09,138.84237670898438,139.31016227556893,136.05557327888786,137.33950053589038,16599100
2023-10-10,138.5437774658203,140.07652607085404,137.77740316330343,138.85231362756124,19554900
2023-10-11,141.03199768066406,141.54955055947207,139.1807654476743,139.1907280254641,20146300
2023-10-12,139.62864685058594,141.70880584347444,138.7926103716341,141.48984173895988,18173100
2023-10-13,137.9267120361328,140.67369545751967,137.31958707283258,139.98694580545884,19438700
2023-10-16,139.8277130126953,140.24074995373522,138.6632304032856,139.0712860553355,17345600
2023-10-17,140.3253631591797,140.58413202342314,137.87596604076654,139.36988202214835,17424000
2023-10-18,138.62339782714844,141.32062888762496,138.05111155916907,140.08646909229705,18304900
2023-10-19,138.3248291015625,140.34029214619687,137.94663078943668,139.14097082318807,21831200
2023-10-20,136.09539794921875,138.38454334477072,135.60272110702797,137.9366677320261,24953900
2023-10-23,137.24990844726562,138.3646388922732,134.47306769281525,135.58778295096647,20780700
2023-10-24,139.45945739746094,140.04668762868056,138.09592055519693,138.50399142474643,26535200
2023-10-25,126.0728530883789,129.48669135061922,125.49558548993762,129.15824520735833,58796100
2023-10-26,122.85808563232422,124.86855967349787,121.74336276593957,123.883228825173,33907400
2023-10-27,122.81827545166016,123.85337364723375,120.88741847208745,123.44530280374534,37367700
2023-10-30,125.15719604492188,125.95342776488519,123.29600876572896,123.87327638303094,24165600
2023-10-31,124.70932006835938,125.96337477235224,123.34080202432419,125.67474096458068,21123400
2023-11-01,126.96862030029297,127.13781707865934,124.33609247029821,124.74912943118413,26536600
2023-11-02,127.97384643554688,129.47672248457854,127.50606090757798,128.94922224016352,24091700
2023-11-03,129.7554168701172,130.1137203986835,128.40182744962854,128.48145214340522,19517900
2023-11-06,130.83033752441406,130.93981958842548,129.3174985999452,129.60614003545646,15360400
2023-11-07,131.7758331298828,132.651689488922,130.52177849595893,131.35781491857486,19223800
2023-11-08,132.63180541992188,132.91048428187855,131.5369999441946,131.73605410461238,15093600
2023-11-09,131.06919860839844,133.32850178489792,130.89003925468984,132.73132418834552,17976500
2023-11-10,133.4280242919922,133.63704101159271,130.2530598656544,130.9099521994189,20872900
2023-11-13,133.00999450683594,133.47778005060607,132.14410071540684,132.73131569610345,16409900
2023-11-14,134.7915496826172,136.5930297519878,134.46311873042313,135.01051377531735,22317300
2023-11-15,135.73709106445312,136.19491405749716,134.69203786932476,135.99585992196248,15840900
2023-11-16,138.046142578125,138.22530192598109,135.43849854453342,136.31435494103724,17615100
2023-11-17,136.29446411132812,137.34946481698145,134.84133990278568,137.17032063082542,25565300
2023-11-20,137.2698211669922,137.77244537575424,134.85128386660017,134.86123125772718,19569400
2023-11-21,137.96652221679688,138.30989705634093,137.0558423294347,137.28973511598127,17648100
2023-11-22,139.35992431640625,140.43483482094024,138.34472853098143,138.44426318740094,17306400
2023-11-24,137.5684051513672,139.01853729789786,136.82194079778367,138.88217451650897,8828600
2023-11-27,137.3992156982422,138.97176917589266,136.89161019120684,136.9214827388474,17886400
2023-11-28,137.96652221679688,138.00634215617256,136.39396872231362,136.9811989266767,17046900
2023-11-29,135.75697326660156,139.01156199433314,135.65247251282995,138.3297936702064,21014700
2023-11-30,133.28868103027344,136.31435856024342,132.16400314461637,135.75698571967007,29913500
2023-12-01,132.69151306152344,132.87065721976913,131.5290047636909,132.69151306152344,24258400
2023-12-04,130.01419067382812,130.83031714371106,128.7899781887193,130.67506191191268,24117100
2023-12-05,131.76589965820312,132.91047236815325,129.118435520067,129.75541788842193,19235100
2023-12-06,130.81039428710938,132.68153629188032,130.6909648610533,132.27346550371564,16360600
2023-12-07,137.79733276367188,139.34002897902553,135.58779680348442,135.95606292142094,38419400
2023-12-08,135.99586486816406,137.33950690889154,134.93091685154977,135.02048893776958,22990900
2023-12-11,134.06500244140625,134.15457452405195,132.26353746286546,133.18916121077544,24502900
2023-12-12,133.00999450683594,133.90574565749662,132.20381543387006,132.6417436184086,26584000
2023-12-13,133.3384552001953,134.14463436116208,132.32325931493529,133.91074156374572,25414500
2023-12-14,132.5720672607422,134.39842340990367,130.4421562282918,134.13467327691998,29619100
2023-12-15,133.2090606689453,134.19439917320338,132.00477323948746,132.2933994670953,58569400
2023-12-18,136.5432586669922,137.72765117577347,133.1393831198481,133.22895519525449,25699800
2023-12-19,137.44898986816406,138.11582960360928,136.8020449163266,137.3494552026944,20661000
2023-12-20,139.00161743164062,142.4035035415894,138.75279598350446,139.6684570902229,33507300
2023-12-21,141.1315460205078,141.36045752902064,139.81080573991832,140.10640274129122,18101500
2023-12-22,142.04721069335938,142.5747110270623,141.3853370380521,141.4599956331026,18494700
2023-12-26,142.146728515625,143.26642506638242,141.82822976260738,142.3059627052774,11170100
2023-12-27,140.77325439453125,142.6443969359828,140.38608060750633,142.1567013282817,17288400
2023-12-28,140.61398315429688,141.59932160943023,140.16411808258158,141.1813033763952,12192500
2023-12-29,140.26564025878906,140.7682645183707,139.24049695536024,140.016818773746,14872700
